,Date,Low,High,Close,Open
1816,2024-08-27,46.74,46.92,46.88,46.74
1815,2024-08-26,46.89,47.02,46.91,47.02
1814,2024-08-23,46.7958,46.98,46.98,46.83
1813,2024-08-22,46.65,46.82,46.715,46.82
1812,2024-08-21,46.78,46.98,46.92,46.85
1811,2024-08-20,46.6901,46.8,46.8,46.75
1810,2024-08-19,46.59,46.7276,46.69,46.601
1809,2024-08-16,46.45,46.62,46.59,46.54
1808,2024-08-15,46.33,46.5157,46.46,46.33
1807,2024-08-14,46.45,46.6466,46.61,46.45
1806,2024-08-13,46.31,46.45,46.43,46.31
1805,2024-08-12,46.02,46.2156,46.15,46.02
1804,2024-08-09,46.06,46.12,46.09,46.11
1803,2024-08-08,45.8,45.927,45.91,45.88
1802,2024-08-07,45.85,46.08,45.895,46.02
1801,2024-08-06,46.01,46.27,46.01,46.24
1800,2024-08-05,46.1898,46.38,46.26,46.35
1799,2024-08-02,46.3,46.44,46.42,46.31
1798,2024-08-01,46.0,46.1192,46.06,46.0826
1797,2024-07-31,45.91,46.09,46.06,45.99
1796,2024-07-30,45.7698,45.89,45.87,45.89
1795,2024-07-29,45.74,45.94,45.81,45.94
1794,2024-07-26,45.65,45.78,45.74,45.71
1793,2024-07-25,45.48,45.6002,45.56,45.49
1792,2024-07-24,45.43,45.66,45.45,45.66
1791,2024-07-23,45.61,45.71,45.63,45.63
1790,2024-07-22,45.585,45.7775,45.65,45.72
1789,2024-07-19,45.6375,45.69,45.69,45.6501
1788,2024-07-18,45.79,45.93,45.81,45.88
1787,2024-07-17,45.79,45.9438,45.93,45.81
1786,2024-07-16,45.7521,45.92,45.92,45.755
1785,2024-07-15,45.711,45.8299,45.72,45.8017
1784,2024-07-12,45.75,45.895,45.895,45.76
1783,2024-07-11,45.73,45.8363,45.8,45.77
1782,2024-07-10,45.4588,45.57,45.57,45.49
1781,2024-07-09,45.39,45.505,45.5,45.46
1780,2024-07-08,45.515,45.6,45.57,45.57
1779,2024-07-05,45.4,45.56,45.55,45.5
1778,2024-07-03,45.155,45.33,45.33,45.16
1777,2024-07-02,44.9244,45.08,45.078,44.98
1776,2024-07-01,44.8,44.96,44.87,44.92
1775,2024-06-28,45.22,45.51,45.25,45.47
1774,2024-06-27,45.4,45.45,45.415,45.42
1773,2024-06-26,45.2726,45.36,45.36,45.3
1772,2024-06-25,45.48,45.56,45.531,45.54
1771,2024-06-24,45.514,45.58,45.549,45.514
1770,2024-06-21,45.42,45.57,45.505,45.57
1769,2024-06-20,45.3918,45.52,45.52,45.41
1768,2024-06-18,45.5,45.65,45.61,45.5
1767,2024-06-17,45.39,45.49,45.48,45.42
1766,2024-06-14,45.56,45.66,45.66,45.62
1765,2024-06-13,45.49,45.648,45.63,45.53
1764,2024-06-12,45.4155,45.71,45.44,45.53
1763,2024-06-11,45.02,45.21,45.185,45.02
1762,2024-06-10,44.98,45.064,45.045,44.9911
1761,2024-06-07,45.079,45.185,45.14,45.15
1760,2024-06-06,45.37,45.5,45.45,45.37
1759,2024-06-05,45.2568,45.5,45.5,45.4
1758,2024-06-04,45.24,45.37,45.36,45.24
1757,2024-06-03,45.0358,45.18,45.1704,45.04
1756,2024-05-31,45.0152,45.12,45.1,45.04
1755,2024-05-30,44.83,44.92,44.91,44.8453
1754,2024-05-29,44.63,44.8,44.69,44.78
1753,2024-05-28,44.8936,45.13,44.93,45.13
1752,2024-05-24,45.01,45.13,45.11,45.01
1751,2024-05-23,44.9848,45.24,45.06,45.24
1750,2024-05-22,45.12,45.23,45.1971,45.12
1749,2024-05-21,45.22,45.29,45.2584,45.265
1748,2024-05-20,45.14,45.2,45.19,45.14
1747,2024-05-17,45.1782,45.27,45.22,45.2
1746,2024-05-16,45.27,45.41,45.29,45.41
1745,2024-05-15,45.2,45.3699,45.34,45.2
1744,2024-05-14,44.94,45.04,44.95,44.99
1743,2024-05-13,44.87,44.9594,44.88,44.94
1742,2024-05-10,44.848,44.95,44.89,44.9
1741,2024-05-09,44.8555,45.0218,45.02,44.87
1740,2024-05-08,44.88,44.98,44.98,44.88
1739,2024-05-07,44.992,45.14,45.0188,45.12
1738,2024-05-06,44.92,44.9974,44.99,44.93
1737,2024-05-03,44.762,44.9466,44.8804,44.94
1736,2024-05-02,44.38,44.6509,44.618,44.38
1735,2024-05-01,44.29,44.56,44.4209,44.36
1734,2024-04-30,44.42,44.5623,44.4205,44.49
1733,2024-04-29,44.54,44.66,44.65,44.57
1732,2024-04-26,44.45,44.53,44.4655,44.49
1731,2024-04-25,44.16,44.37,44.32,44.23
1730,2024-04-24,44.37,44.48,44.4604,44.48
1729,2024-04-23,44.468,44.71,44.5974,44.468
1728,2024-04-22,44.4239,44.55,44.55,44.4493
1727,2024-04-19,44.4118,44.5,44.46,44.5
1726,2024-04-18,44.3549,44.4498,44.42,44.4
1725,2024-04-17,44.37,44.53,44.5,44.4295
1724,2024-04-16,44.17,44.3101,44.29,44.21
1723,2024-04-15,44.38,44.59,44.41,44.59
1722,2024-04-12,44.79,44.91,44.8,44.91
1721,2024-04-11,44.6334,44.85,44.7189,44.85
1720,2024-04-10,44.7519,45.03,44.79,45.03
1719,2024-04-09,45.277,45.35,45.34,45.31
1718,2024-04-08,45.07,45.2,45.16,45.07
1717,2024-04-05,45.15,45.26,45.15,45.16
1716,2024-04-04,45.2,45.34,45.34,45.2
1715,2024-04-03,45.07,45.29,45.2644,45.09
1714,2024-04-02,45.04,45.26,45.225,45.26
1713,2024-04-01,45.2563,45.46,45.31,45.44
1712,2024-03-28,45.7358,45.8899,45.7905,45.74
1711,2024-03-27,45.55,45.86,45.86,45.55
1710,2024-03-26,45.52,45.78,45.5935,45.54
1709,2024-03-25,45.5516,45.71,45.59,45.66
1708,2024-03-22,45.68,45.7683,45.694,45.75
1707,2024-03-21,45.5106,45.62,45.5729,45.5814
1706,2024-03-20,45.3705,45.5427,45.52,45.45
1705,2024-03-19,45.38,45.465,45.4432,45.38
1704,2024-03-18,45.31,45.42,45.31,45.38
1703,2024-03-15,45.3016,45.43,45.38,45.4
1702,2024-03-14,45.35,45.4392,45.35,45.4392
1701,2024-03-13,45.611,45.735,45.62,45.6482
1700,2024-03-12,45.66,45.7449,45.7,45.7144
1699,2024-03-11,45.75,45.849,45.815,45.83
1698,2024-03-08,45.78,45.9107,45.81,45.8599
1697,2024-03-07,45.67,45.81,45.75,45.81
1696,2024-03-06,45.63,45.7499,45.6345,45.66
1695,2024-03-05,45.47,45.615,45.5545,45.505
1694,2024-03-04,45.31,45.38,45.3344,45.35
1693,2024-03-01,45.03,45.46,45.41,45.19
1692,2024-02-29,45.29,45.48,45.341,45.42
1691,2024-02-28,45.2312,45.311,45.2853,45.28
1690,2024-02-27,45.27,45.38,45.32,45.27
1689,2024-02-26,45.29,45.4088,45.36,45.39
1688,2024-02-23,45.364,45.54,45.46,45.41
1687,2024-02-22,45.2893,45.3748,45.37,45.34
1686,2024-02-21,45.27,45.3995,45.32,45.39
1685,2024-02-20,45.328,45.445,45.42,45.328
1684,2024-02-16,45.1797,45.2999,45.26,45.1812
1683,2024-02-15,45.2955,45.45,45.39,45.45
1682,2024-02-14,45.06,45.28,45.2773,45.06
1681,2024-02-13,45.0235,45.21,45.09,45.14
1680,2024-02-12,45.3923,45.51,45.49,45.47
1679,2024-02-09,45.44,45.51,45.48,45.44
1678,2024-02-08,45.51,45.63,45.531,45.59
1677,2024-02-07,45.71,45.8598,45.719,45.74
1676,2024-02-06,45.665,45.8592,45.83,45.69
1675,2024-02-05,45.5563,45.68,45.61,45.68
1674,2024-02-02,45.8308,46.0,45.99,45.9155
1673,2024-02-01,46.1884,46.41,46.34,46.24
1672,2024-01-31,46.0982,46.32,46.16,46.23
1671,2024-01-30,45.95,46.13,46.08,46.0515
1670,2024-01-29,45.88,46.02,45.99,45.97
1669,2024-01-26,45.7815,45.9,45.85,45.9
1668,2024-01-25,45.81,45.9499,45.8801,45.82
1667,2024-01-24,45.6291,45.93,45.66,45.93
1666,2024-01-23,45.66,45.7699,45.68,45.73
1665,2024-01-22,45.8286,45.97,45.86,45.9
1664,2024-01-19,45.6,45.8,45.7864,45.66
1663,2024-01-18,45.6786,45.8106,45.7152,45.8106
1662,2024-01-17,45.6449,45.81,45.8,45.6813
1661,2024-01-16,45.8201,46.1,45.8823,46.02
1660,2024-01-12,46.18,46.35,46.2584,46.3242
1659,2024-01-11,45.8957,46.22,46.1598,45.9605
1658,2024-01-10,45.91,46.099,45.93,46.05
1657,2024-01-09,45.84,45.98,45.9559,45.8728
1656,2024-01-08,45.63,45.9,45.8431,45.63
1655,2024-01-05,45.6,45.87,45.64,45.625
1654,2024-01-04,45.6877,45.79,45.76,45.72
1653,2024-01-03,45.7,45.99,45.965,45.7
1652,2024-01-02,45.92,46.1199,46.0412,45.92
1651,2023-12-29,46.24,46.4297,46.3102,46.33
1650,2023-12-28,46.39,46.53,46.4169,46.44
1649,2023-12-27,46.2957,46.5301,46.52,46.33
1648,2023-12-26,46.02,46.3699,46.04,46.25
1647,2023-12-22,46.24,46.3626,46.28,46.3298
1646,2023-12-21,46.2604,46.42,46.305,46.39
1645,2023-12-20,46.18,46.3416,46.3202,46.22
1644,2023-12-19,46.1901,46.33,46.22,46.275
1643,2023-12-18,46.12,46.25,46.1504,46.25
1642,2023-12-15,46.2913,46.37,46.3515,46.33
1641,2023-12-14,46.2943,46.49,46.4,46.33
1640,2023-12-13,45.37,46.01,45.97,45.43
1639,2023-12-12,45.0761,45.3387,45.309,45.0761
1638,2023-12-11,44.99,45.1296,45.12,45.02
1637,2023-12-08,45.0896,45.2,45.1399,45.14
1636,2023-12-07,45.28,45.433,45.345,45.3
1635,2023-12-06,45.2655,45.41,45.32,45.32
1634,2023-12-05,45.03,45.28,45.1985,45.03
1633,2023-12-04,44.8401,44.9958,44.91,44.95
1632,2023-12-01,44.6917,45.1,45.1,44.6917
1631,2023-11-30,44.7,44.8724,44.79,44.8031
1630,2023-11-29,44.82,44.9799,44.97,44.9593
1629,2023-11-28,44.405,44.66,44.65,44.4562
1628,2023-11-27,44.2702,44.51,44.51,44.34
1627,2023-11-24,44.2015,44.26,44.22,44.2281
1626,2023-11-22,44.245,44.39,44.39,44.37
1625,2023-11-21,44.1497,44.254,44.2,44.215
1624,2023-11-20,44.01,44.22,44.19,44.05
1623,2023-11-17,43.98,44.1252,44.08,44.06
1622,2023-11-16,43.83,43.97,43.955,43.87
1621,2023-11-15,43.59,43.75,43.68,43.75
1620,2023-11-14,43.8143,43.91,43.85,43.8783
1619,2023-11-13,43.09,43.2899,43.2734,43.1597
1618,2023-11-10,43.215,43.33,43.27,43.3
1617,2023-11-09,43.1,43.38,43.13,43.38
1616,2023-11-08,43.37,43.4736,43.439,43.37
1615,2023-11-07,43.11,43.2996,43.25,43.15
1614,2023-11-06,42.98,43.13,43.0,43.13
1613,2023-11-03,43.18,43.51,43.19,43.4
1612,2023-11-02,42.8538,43.015,42.98,42.9
1611,2023-11-01,42.23,42.5971,42.585,42.23
1610,2023-10-31,41.92,42.44,42.21,42.345
1609,2023-10-30,42.2295,42.38,42.295,42.29
1608,2023-10-27,42.3292,42.4697,42.41,42.4642
1607,2023-10-26,42.23,42.48,42.4496,42.23
1606,2023-10-25,42.14,42.3099,42.2154,42.3
1605,2023-10-24,42.3416,42.5238,42.52,42.36
1604,2023-10-23,41.96,42.4229,42.35,41.97
1603,2023-10-20,41.9801,42.1,42.0838,42.0357
1602,2023-10-19,41.93,42.2226,41.938,42.13
1601,2023-10-18,42.14,42.363,42.14,42.34
1600,2023-10-17,42.3673,42.5984,42.48,42.42
1599,2023-10-16,42.7486,42.8208,42.7571,42.7901
1598,2023-10-13,42.9431,43.0759,42.98,43.06
1597,2023-10-12,42.7452,43.03,42.81,42.965
1596,2023-10-11,43.015,43.1999,43.19,43.13
1595,2023-10-10,42.7965,43.0286,42.9551,42.799
1594,2023-10-09,42.6818,42.95,42.95,42.71
1593,2023-10-06,42.246,42.57,42.5011,42.28
1592,2023-10-05,42.53,42.7315,42.585,42.73
1591,2023-10-04,42.4289,42.65,42.64,42.54
1590,2023-10-03,42.3,42.662,42.33,42.62
1589,2023-10-02,42.71,42.9313,42.74,42.93
1588,2023-09-29,43.14,43.4651,43.2101,43.45
1587,2023-09-28,42.97,43.28,43.28,43.07
1586,2023-09-27,43.0815,43.54,43.22,43.54
1585,2023-09-26,43.3483,43.5621,43.39,43.56
1584,2023-09-25,43.48,43.6339,43.48,43.56
1583,2023-09-22,43.6821,43.855,43.82,43.7
1582,2023-09-21,43.6,43.6791,43.6,43.6218
1581,2023-09-20,43.95,44.1364,43.95,44.1
1580,2023-09-19,43.925,44.02,43.925,44.01
1579,2023-09-18,43.9319,44.0667,44.06,43.94
1578,2023-09-15,43.95,44.0438,43.98,44.03
1577,2023-09-14,44.05,44.17,44.07,44.17
1576,2023-09-13,43.999,44.16,44.12,44.0
1575,2023-09-12,43.9885,44.06,44.03,44.06
1574,2023-09-11,44.0,44.1092,44.06,44.06
1573,2023-09-08,44.11,44.276,44.11,44.2
1572,2023-09-07,43.961,44.09,44.0897,43.98
1571,2023-09-06,43.87,44.06,43.92,44.06
1570,2023-09-05,43.97,44.09,43.98,44.08
1569,2023-09-01,44.23,44.41,44.245,44.39
1568,2023-08-31,44.6343,44.71,44.6343,44.6357
1567,2023-08-30,44.5361,44.63,44.56,44.62
1566,2023-08-29,44.37,44.6,44.6,44.37
1565,2023-08-28,44.2409,44.32,44.3,44.2961
1564,2023-08-25,44.0492,44.247,44.2,44.21
1563,2023-08-24,44.17,44.28,44.1831,44.242
1562,2023-08-23,44.0713,44.3079,44.305,44.0713
1561,2023-08-22,43.68,43.81,43.78,43.69
1560,2023-08-21,43.63,43.73,43.705,43.7226
1559,2023-08-18,43.8019,43.9699,43.9093,43.8019
1558,2023-08-17,43.68,43.88,43.77,43.81
1557,2023-08-16,43.8632,44.1099,43.875,44.0517
1556,2023-08-15,44.04,44.19,44.0423,44.0878
1555,2023-08-14,44.1,44.3082,44.2054,44.21
1554,2023-08-11,44.2,44.3423,44.24,44.21
1553,2023-08-10,44.38,44.736,44.38,44.719
1552,2023-08-09,44.58,44.662,44.6071,44.63
1551,2023-08-08,44.56,44.65,44.59,44.61
1550,2023-08-07,44.4,44.5,44.4537,44.5
1549,2023-08-04,44.29,44.57,44.5307,44.29
1548,2023-08-03,44.065,44.19,44.1404,44.125
1547,2023-08-02,44.3401,44.4959,44.465,44.44
1546,2023-08-01,44.661,44.8685,44.675,44.8501
1545,2023-07-31,45.125,45.26,45.1724,45.125
1544,2023-07-28,44.99,45.09,45.0752,44.99
1543,2023-07-27,44.83,45.2261,44.84,45.21
1542,2023-07-26,45.121,45.3025,45.2833,45.24
1541,2023-07-25,45.09,45.1499,45.1,45.12
1540,2023-07-24,45.175,45.3113,45.18,45.3
1539,2023-07-21,45.1915,45.28,45.265,45.25
1538,2023-07-20,45.0815,45.23,45.145,45.23
1537,2023-07-19,45.27,45.39,45.3879,45.3389
1536,2023-07-18,45.2,45.27,45.2015,45.22
1535,2023-07-17,45.028,45.0993,45.095,45.028
1534,2023-07-14,45.07,45.3,45.07,45.3
1533,2023-07-13,45.23,45.34,45.3027,45.2906
1532,2023-07-12,45.015,45.0903,45.08,45.069
1531,2023-07-11,44.61,44.74,44.7165,44.62
1530,2023-07-10,44.41,44.6,44.576,44.41
1529,2023-07-07,44.39,44.49,44.405,44.39
1528,2023-07-06,44.3058,44.57,44.43,44.57
1527,2023-07-05,44.73,44.9844,44.7597,44.95
1526,2023-07-03,45.05,45.24,45.055,45.15
1525,2023-06-30,45.06,45.27,45.2566,45.08
1524,2023-06-29,44.9,45.01,44.9975,45.01
1523,2023-06-28,45.1,45.29,45.29,45.1769
1522,2023-06-27,45.05,45.24,45.11,45.24
1521,2023-06-26,45.17,45.2476,45.1951,45.21
1520,2023-06-23,45.066,45.26,45.13,45.26
1519,2023-06-22,44.9821,45.15,45.0275,45.0999
1518,2023-06-21,45.0101,45.26,45.23,45.036
1517,2023-06-20,45.13,45.2998,45.265,45.13
1516,2023-06-16,45.0494,45.1473,45.11,45.05
1515,2023-06-15,44.99,45.24,45.19,45.24
1514,2023-06-14,44.7258,44.95,44.87,44.86
1513,2023-06-13,44.68,45.02,44.74,45.02
1512,2023-06-12,44.715,44.91,44.91,44.81
1511,2023-06-09,44.75,44.85,44.795,44.78
1510,2023-06-08,44.69,44.92,44.88,44.69
1509,2023-06-07,44.64,44.965,44.645,44.95
1508,2023-06-06,44.8293,44.98,44.955,44.89
1507,2023-06-05,44.83,45.07,44.92,44.84
1506,2023-06-02,44.97,45.06,44.99,45.0363
1505,2023-06-01,45.09,45.1879,45.145,45.11
1504,2023-05-31,44.9,45.14,45.1354,44.9
1503,2023-05-30,44.8325,44.959,44.9351,44.85
1502,2023-05-26,44.566,44.7026,44.7026,44.5681
1501,2023-05-25,44.48,44.7,44.5353,44.7
1500,2023-05-24,44.6509,44.805,44.6893,44.805
1499,2023-05-23,44.6499,44.84,44.8147,44.68
1498,2023-05-22,44.72,44.8091,44.7252,44.78
1497,2023-05-19,44.71,44.8419,44.738,44.79
1496,2023-05-18,44.7805,44.8588,44.8,44.84
1495,2023-05-17,44.9297,45.015,44.9451,45.0
1494,2023-05-16,44.9434,45.0183,44.9573,44.99
1493,2023-05-15,45.13,45.18,45.155,45.17
1492,2023-05-12,45.34,45.61,45.35,45.61
1491,2023-05-11,45.5474,45.67,45.5768,45.67
1490,2023-05-10,45.3298,45.44,45.4264,45.3862
1489,2023-05-09,45.1301,45.22,45.145,45.15
1488,2023-05-08,45.1301,45.23,45.1453,45.21
1487,2023-05-05,45.355,45.47,45.425,45.47
1486,2023-05-04,45.47,45.7,45.6,45.47
1485,2023-05-03,45.566,45.74,45.68,45.67
1484,2023-05-02,45.25,45.7,45.6,45.27
1483,2023-05-01,45.12,45.52,45.1772,45.52
1482,2023-04-28,45.78,45.92,45.9195,45.88
1481,2023-04-27,45.59,45.72,45.615,45.72
1480,2023-04-26,45.7205,45.99,45.7577,45.99
1479,2023-04-25,45.9,46.015,45.9686,45.9
1478,2023-04-24,45.65,45.76,45.75,45.68
1477,2023-04-21,45.4658,45.69,45.57,45.69
1476,2023-04-20,45.49,45.61,45.5588,45.49
1475,2023-04-19,45.3801,45.5,45.39,45.5
1474,2023-04-18,45.53,45.6259,45.58,45.53
1473,2023-04-17,45.42,45.59,45.47,45.56
1472,2023-04-14,45.578,45.72,45.69,45.6978
1471,2023-04-13,45.77,45.9,45.8097,45.84
1470,2023-04-12,45.69,45.8925,45.73,45.8925
1469,2023-04-11,45.74,45.85,45.8,45.85
1468,2023-04-10,45.67,45.83,45.83,45.81
1467,2023-04-06,45.97,46.0971,45.97,46.08
1466,2023-04-05,45.95,46.09,46.03,46.0
1465,2023-04-04,45.65,45.96,45.9132,45.65
1464,2023-04-03,45.59,46.08,45.8675,45.59
1463,2023-03-31,45.5499,45.7705,45.7705,45.569
1462,2023-03-30,45.35,45.475,45.39,45.36
1461,2023-03-29,45.11,45.335,45.3209,45.15
1460,2023-03-28,45.09,45.2299,45.1648,45.15
1459,2023-03-27,45.15,45.4597,45.2,45.33
1458,2023-03-24,45.61,45.71,45.6876,45.61
1457,2023-03-23,45.37,45.59,45.5561,45.44
1456,2023-03-22,45.03,45.71,45.345,45.19
1455,2023-03-21,45.05,45.22,45.22,45.05
1454,2023-03-20,44.97,45.2,45.02,45.13
1453,2023-03-17,44.78,45.29,45.14,45.11
1452,2023-03-16,44.83,45.18,44.93,45.0925
1451,2023-03-15,44.793,45.1289,45.0152,44.92
1450,2023-03-14,44.6219,45.0,44.7,44.73
1449,2023-03-13,44.7,45.29,44.82,44.9
1448,2023-03-10,44.58,44.87,44.7717,44.58
1447,2023-03-09,44.205,44.3799,44.23,44.28
1446,2023-03-08,44.15,44.515,44.26,44.43
1445,2023-03-07,44.3,44.52,44.315,44.51
1444,2023-03-06,44.4199,44.64,44.43,44.6399
1443,2023-03-03,44.3,44.7399,44.54,44.4004
1442,2023-03-02,43.86,44.0778,43.97,43.93
1441,2023-03-01,44.045,44.23,44.055,44.23
1440,2023-02-28,44.225,44.46,44.45,44.265
1439,2023-02-27,44.42,44.55,44.435,44.48
1438,2023-02-24,44.334,44.5,44.42,44.45
1437,2023-02-23,44.5116,44.695,44.69,44.52
1436,2023-02-22,44.42,44.56,44.43,44.42
1435,2023-02-21,44.32,44.545,44.33,44.52
1434,2023-02-17,44.56,44.84,44.835,44.56
1433,2023-02-16,44.68,44.8708,44.71,44.8
1432,2023-02-15,44.89,45.08,44.99,45.08
1431,2023-02-14,44.95,45.2599,45.13,45.19
1430,2023-02-13,45.13,45.24,45.24,45.135
1429,2023-02-10,45.11,45.28,45.128,45.2783
1428,2023-02-09,45.35,45.96,45.37,45.96
1427,2023-02-08,45.5101,45.72,45.675,45.63
1426,2023-02-07,45.6041,45.872,45.68,45.68
1425,2023-02-06,45.725,45.82,45.735,45.81
1424,2023-02-03,45.96,46.16,46.065,46.114
1423,2023-02-02,46.48,46.72,46.59,46.72
1422,2023-02-01,45.99,46.5165,46.42,46.11
1421,2023-01-31,45.945,46.23,46.23,46.1
1420,2023-01-30,45.89,46.045,45.9,45.92
1419,2023-01-27,45.9184,46.09,46.05,45.97
1418,2023-01-26,45.99,46.23,46.15,46.16
1417,2023-01-25,45.9808,46.19,46.1407,46.15
1416,2023-01-24,45.86,46.165,46.135,45.94
1415,2023-01-23,45.92,46.02,45.93,45.92
1414,2023-01-20,45.9085,46.08,46.045,46.07
1413,2023-01-19,46.1519,46.27,46.18,46.16
1412,2023-01-18,46.155,46.51,46.32,46.47
1411,2023-01-17,45.8247,45.97,45.875,45.83
1410,2023-01-13,45.95,46.1,46.0,45.97
1409,2023-01-12,45.6,46.11,46.11,45.8
1408,2023-01-11,45.5436,45.68,45.68,45.6
1407,2023-01-10,45.23,45.39,45.3646,45.33
1406,2023-01-09,45.4014,45.565,45.51,45.4014
1405,2023-01-06,44.7405,45.39,45.35,44.78
1404,2023-01-05,44.48,44.74,44.725,44.68
1403,2023-01-04,44.63,44.8,44.77,44.78
1402,2023-01-03,44.3971,44.75,44.475,44.75
1401,2022-12-30,44.155,44.385,44.21,44.35
1400,2022-12-29,44.33,44.46,44.455,44.33
1399,2022-12-28,44.21,44.49,44.21,44.47
1398,2022-12-27,44.3,44.6,44.31,44.55
1397,2022-12-23,44.845,44.97,44.91,44.87
1396,2022-12-22,44.97,45.085,45.085,44.97
1395,2022-12-21,44.92,45.075,45.015,44.97
1394,2022-12-20,44.735,44.85,44.775,44.85
1393,2022-12-19,45.16,45.41,45.2247,45.41
1392,2022-12-16,45.455,45.66,45.5992,45.49
1391,2022-12-15,45.67,45.8,45.78,45.6969
1390,2022-12-14,45.4,45.77,45.75,45.67
1389,2022-12-13,45.62,46.0404,45.651,45.98
1388,2022-12-12,45.32,45.71,45.33,45.71
1387,2022-12-09,45.4,45.87,45.4,45.53
1386,2022-12-08,45.44,45.78,45.68,45.68
1385,2022-12-07,45.55,45.8,45.769,45.57
1384,2022-12-06,45.27,45.44,45.37,45.389
1383,2022-12-05,45.11,45.32,45.25,45.32
1382,2022-12-02,45.03,45.61,45.575,45.05
1381,2022-12-01,44.9901,45.34,45.34,45.01
1380,2022-11-30,44.3912,44.99,44.99,44.4
1379,2022-11-29,44.495,44.61,44.495,44.5485
1378,2022-11-28,44.65,44.9283,44.69,44.9283
1377,2022-11-25,44.9,44.99,44.99,44.9625
1376,2022-11-23,44.67,44.93,44.93,44.71
1375,2022-11-22,44.37,44.59,44.57,44.39
1374,2022-11-21,44.22,44.43,44.24,44.36
1373,2022-11-18,44.24,44.3581,44.28,44.34
1372,2022-11-17,44.052,44.305,44.3,44.0824
1371,2022-11-16,44.2211,44.51,44.4534,44.23
1370,2022-11-15,43.9132,44.129,44.125,43.97
1369,2022-11-14,43.62,43.7624,43.62,43.67
1368,2022-11-11,43.625,43.7962,43.7673,43.625
1367,2022-11-10,43.25,43.715,43.715,43.25
1366,2022-11-09,42.395,42.6,42.5,42.48
1365,2022-11-08,42.51,42.6429,42.5503,42.525
1364,2022-11-07,42.3532,42.51,42.42,42.51
1363,2022-11-04,42.415,42.71,42.53,42.56
1362,2022-11-03,42.1682,42.53,42.48,42.1682
1361,2022-11-02,42.52,43.16,42.97,42.82
1360,2022-11-01,42.592,42.83,42.7571,42.83
1359,2022-10-31,42.5381,42.79,42.65,42.688
1358,2022-10-28,42.7414,42.89,42.83,42.805
1357,2022-10-27,42.69,42.9,42.7415,42.69
1356,2022-10-26,42.5,42.7723,42.575,42.5
1355,2022-10-25,42.21,42.57,42.435,42.21
1354,2022-10-24,41.8362,42.1592,41.99,41.99
1353,2022-10-21,41.72,42.04,42.015,41.73
1352,2022-10-20,41.88,42.22,41.901,42.13
1351,2022-10-19,42.17,42.4345,42.1901,42.35
1350,2022-10-18,42.42,42.71,42.695,42.7
1349,2022-10-17,42.44,42.67,42.4682,42.61
1348,2022-10-14,42.19,42.88,42.295,42.88
1347,2022-10-13,41.91,42.7416,42.68,41.91
1346,2022-10-12,42.51,42.6836,42.615,42.6
1345,2022-10-11,42.6096,42.9801,42.675,42.72
1344,2022-10-10,42.6116,43.06,42.75,43.06
1343,2022-10-07,43.0525,43.24,43.07,43.24
1342,2022-10-06,43.4,43.5887,43.45,43.54
1341,2022-10-05,43.29,43.55,43.52,43.5
1340,2022-10-04,43.7813,44.0101,43.8,43.7999
1339,2022-10-03,43.33,43.85,43.5911,43.47
1338,2022-09-30,43.115,43.43,43.22,43.32
1337,2022-09-29,42.875,43.185,43.18,43.07
1336,2022-09-28,43.05,43.47,43.45,43.065
1335,2022-09-27,42.76,43.2639,42.7825,43.2639
1334,2022-09-26,43.31,43.84,43.34,43.79
1333,2022-09-23,43.82,44.03,43.98,43.945
1332,2022-09-22,43.98,44.3,44.08,44.3
1331,2022-09-21,44.27,44.67,44.59,44.6087
1330,2022-09-20,44.4218,44.619,44.5,44.5499
1329,2022-09-19,44.67,44.87,44.835,44.67
1328,2022-09-16,44.68,44.8882,44.8,44.68
1327,2022-09-15,44.8501,45.0084,44.89,44.95
1326,2022-09-14,44.9109,45.118,45.08,44.9109
1325,2022-09-13,44.79,44.9299,44.91,44.795
1324,2022-09-12,45.1318,45.4987,45.22,45.4987
1323,2022-09-09,45.27,45.47,45.295,45.32
1322,2022-09-08,45.17,45.35,45.19,45.26
1321,2022-09-07,45.0411,45.305,45.29,45.0411
1320,2022-09-06,44.8026,45.14,44.82,45.14
1319,2022-09-02,45.3,45.5664,45.3,45.41
1318,2022-09-01,44.9573,45.27,45.27,45.1928
1317,2022-08-31,45.61,45.95,45.61,45.93
1316,2022-08-30,45.8,46.0382,45.99,46.03
1315,2022-08-29,45.9181,45.9983,45.96,45.9803
1314,2022-08-26,46.18,46.43,46.25,46.32
1313,2022-08-25,46.15,46.55,46.5,46.15
1312,2022-08-24,46.0066,46.13,46.09,46.1
1311,2022-08-23,46.11,46.3594,46.2,46.11
1310,2022-08-22,46.1005,46.26,46.15,46.2202
1309,2022-08-19,46.3417,46.5,46.43,46.5
1308,2022-08-18,46.865,47.0008,46.89,46.96
1307,2022-08-17,46.71,46.94,46.8,46.87
1306,2022-08-16,46.973,47.2,47.17,47.2
1305,2022-08-15,47.305,47.4284,47.305,47.39
1304,2022-08-12,47.02,47.34,47.34,47.11
1303,2022-08-11,46.85,47.5,46.88,47.4304
1302,2022-08-10,47.1168,47.3303,47.2683,47.3133
1301,2022-08-09,46.83,46.93,46.87,46.89
1300,2022-08-08,47.045,47.2098,47.07,47.07
1299,2022-08-05,46.6886,46.92,46.9,46.88
1298,2022-08-04,47.2221,47.46,47.44,47.34
1297,2022-08-03,46.879,47.44,47.4,46.99
1296,2022-08-02,46.97,47.47,46.985,47.47
1295,2022-08-01,47.3592,47.6,47.46,47.41
1294,2022-07-29,47.4,47.81,47.51,47.4
1293,2022-07-28,47.2721,47.45,47.3902,47.35
1292,2022-07-27,46.95,47.26,47.06,46.95
1291,2022-07-26,46.76,46.93,46.8,46.91
1290,2022-07-25,46.7204,46.8712,46.79,46.86
1289,2022-07-22,46.973,47.35,47.16,47.11
1288,2022-07-21,46.35,46.83,46.83,46.35
1287,2022-07-20,46.25,46.5,46.3,46.5
1286,2022-07-19,46.13,46.3394,46.31,46.27
1285,2022-07-18,46.18,46.4209,46.22,46.42
1284,2022-07-15,46.23,46.5777,46.5,46.24
1283,2022-07-14,45.92,46.26,46.17,45.97
1282,2022-07-13,45.73,46.44,46.44,45.73
1281,2022-07-12,46.1676,46.4044,46.1676,46.26
1280,2022-07-11,46.0633,46.28,46.12,46.15
1279,2022-07-08,45.8788,45.9899,45.982,45.93
1278,2022-07-07,46.02,46.32,46.07,46.19
1277,2022-07-06,46.045,46.4,46.0599,46.38
1276,2022-07-05,46.17,46.32,46.245,46.29
1275,2022-07-01,46.0572,46.38,46.2587,46.11
1274,2022-06-30,45.77,46.08,46.05,45.77
1273,2022-06-29,45.511,45.78,45.76,45.54
1272,2022-06-28,45.27,45.54,45.51,45.48
1271,2022-06-27,45.36,45.79,45.54,45.69
1270,2022-06-24,45.62,46.1,45.88,45.82
1269,2022-06-23,45.74,46.15,45.8389,45.74
1268,2022-06-22,45.55,45.725,45.55,45.67
1267,2022-06-21,45.28,45.64,45.28,45.5
1266,2022-06-17,45.49,45.77,45.68,45.71
1265,2022-06-16,44.96,45.5819,45.5819,44.99
1264,2022-06-15,45.07,45.5682,45.5425,45.4056
1263,2022-06-14,44.82,45.42,44.94,45.35
1262,2022-06-13,44.8971,45.5414,45.195,45.31
1261,2022-06-10,45.86,46.46,46.1336,46.205
1260,2022-06-09,46.47,46.7018,46.5,46.7
1259,2022-06-08,46.76,46.97,46.76,46.87
1258,2022-06-07,46.88,47.09,47.0,46.89
1257,2022-06-06,46.7661,47.02,46.8,47.02
1256,2022-06-03,46.93,47.065,47.065,46.93
1255,2022-06-02,46.996,47.27,47.205,47.26
1254,2022-06-01,47.0585,47.582,47.18,47.56
1253,2022-05-31,47.3,47.5891,47.52,47.44
1252,2022-05-27,47.661,47.91,47.7928,47.73
1251,2022-05-26,47.5319,47.81,47.625,47.61
1250,2022-05-25,47.32,47.56,47.55,47.37
1249,2022-05-24,46.8799,47.195,47.1425,46.8799
1248,2022-05-23,46.38,46.7727,46.65,46.7727
1247,2022-05-20,46.64,46.82,46.7794,46.66
1246,2022-05-19,46.5161,46.7801,46.58,46.77
1245,2022-05-18,46.22,46.428,46.428,46.22
1244,2022-05-17,46.2135,46.37,46.27,46.3025
1243,2022-05-16,46.51,46.69,46.5169,46.54
1242,2022-05-13,46.19,46.7599,46.455,46.5967
1241,2022-05-12,46.48,46.8883,46.675,46.76
1240,2022-05-11,46.2901,46.7518,46.69,46.2901
1239,2022-05-10,46.4739,46.71,46.51,46.6
1238,2022-05-09,45.9689,46.3698,46.34,46.05
1237,2022-05-06,45.96,46.3999,46.2,46.19
1236,2022-05-05,46.24,46.77,46.48,46.77
1235,2022-05-04,46.545,47.18,47.165,46.6314
1234,2022-05-03,46.69,46.9384,46.7441,46.88
1233,2022-05-02,46.3365,46.6519,46.56,46.62
1232,2022-04-29,46.83,47.16,46.86,46.97
1231,2022-04-28,47.05,47.275,47.275,47.08
1230,2022-04-27,47.2146,47.55,47.22,47.55
1229,2022-04-26,47.5327,47.8,47.5888,47.8
1228,2022-04-25,47.34,47.6416,47.585,47.34
1227,2022-04-22,47.0441,47.36,47.1507,47.1
1226,2022-04-21,47.1,47.54,47.2037,47.54
1225,2022-04-20,47.45,47.7065,47.61,47.46
1224,2022-04-19,47.17,47.4116,47.17,47.34
1223,2022-04-18,47.54,47.82,47.585,47.77
1222,2022-04-14,47.8632,48.26,47.8738,48.26
1221,2022-04-13,48.19,48.36,48.33,48.22
1220,2022-04-12,48.13,48.4682,48.14,48.33
1219,2022-04-11,47.8,48.21,48.045,48.1808
1218,2022-04-08,48.3747,48.5982,48.4719,48.51
1217,2022-04-07,48.77,49.0198,48.8351,48.98
1216,2022-04-06,48.7398,49.2189,49.05,48.7398
1215,2022-04-05,49.24,49.87,49.259,49.82
1214,2022-04-04,49.55,50.08,50.0,50.08
1213,2022-04-01,49.35,49.97,49.84,49.49
1212,2022-03-31,49.83,50.0507,49.83,49.93
1211,2022-03-30,49.6914,49.93,49.93,49.7
1210,2022-03-29,49.5933,49.811,49.8043,49.7627
1209,2022-03-28,49.2563,49.5192,49.46,49.39
1208,2022-03-25,49.1283,49.41,49.27,49.4
1207,2022-03-24,49.1791,49.76,49.58,49.1894
1206,2022-03-23,49.37,49.6,49.56,49.4417
1205,2022-03-22,49.355,49.48,49.41,49.4
1204,2022-03-21,49.5332,49.86,49.57,49.8
1203,2022-03-18,49.925,50.21,50.1542,49.93
1202,2022-03-17,49.77,50.0884,50.03,49.8
1201,2022-03-16,49.03,49.59,49.59,49.49
1200,2022-03-15,48.84,49.2553,49.132,49.18
1199,2022-03-14,48.9647,49.2,48.9647,49.2
1198,2022-03-11,49.54,49.6541,49.5617,49.6019
1197,2022-03-10,49.44,49.6897,49.5893,49.6897
1196,2022-03-09,50.01,50.185,50.06,50.02
1195,2022-03-08,49.65,50.1254,49.985,49.99
1194,2022-03-07,50.06,50.66,50.2569,50.59
1193,2022-03-04,50.81,51.2,50.8184,51.0852
1192,2022-03-03,50.7209,50.8934,50.82,50.77
1191,2022-03-02,50.64,51.05,50.64,51.01
1190,2022-03-01,51.25,51.58,51.295,51.25
1189,2022-02-28,50.96,51.36,51.235,50.96
1188,2022-02-25,50.645,50.79,50.79,50.645
1187,2022-02-24,50.39,50.61,50.5943,50.39
1186,2022-02-23,50.42,50.72,50.42,50.72
1185,2022-02-22,50.69,50.83,50.83,50.73
1184,2022-02-18,50.72,50.8692,50.84,50.83
1183,2022-02-17,50.68,50.91,50.78,50.76
1182,2022-02-16,50.5377,50.79,50.73,50.79
1181,2022-02-15,50.6811,50.92,50.6862,50.8594
1180,2022-02-14,50.89,51.09,50.8924,51.03
1179,2022-02-11,50.9,51.3461,51.24,51.06
1178,2022-02-10,50.8523,51.42,51.0051,51.3101
1177,2022-02-09,51.5701,51.76,51.5787,51.6
1176,2022-02-08,51.37,51.67,51.4314,51.55
1175,2022-02-07,51.45,51.6599,51.6266,51.45
1174,2022-02-04,51.425,51.59,51.51,51.455
1173,2022-02-03,51.9127,52.1,52.01,51.95
1172,2022-02-02,52.331,52.56,52.36,52.45
1171,2022-02-01,52.1314,52.3642,52.3122,52.19
1170,2022-01-31,52.195,52.39,52.3277,52.28
1169,2022-01-28,52.1003,52.32,52.315,52.1022
1168,2022-01-27,52.2365,52.46,52.26,52.3901
1167,2022-01-26,52.19,52.665,52.22,52.665
1166,2022-01-25,52.37,52.71,52.515,52.62
1165,2022-01-24,52.63,52.8025,52.65,52.75
1164,2022-01-21,52.57,52.84,52.7856,52.57
1163,2022-01-20,52.37,52.63,52.4884,52.63
1162,2022-01-19,52.5328,52.698,52.5328,52.6
1161,2022-01-18,52.4407,52.62,52.4501,52.62
1160,2022-01-14,52.865,53.05,52.8942,52.99
1159,2022-01-13,53.115,53.28,53.2767,53.16
1158,2022-01-12,53.15,53.28,53.165,53.15
1157,2022-01-11,53.01,53.1879,53.16,53.0175
1156,2022-01-10,52.8501,53.0567,53.03,52.98
1155,2022-01-07,53.05,53.24,53.105,53.24
1154,2022-01-06,53.1986,53.37,53.3,53.27
1153,2022-01-05,53.34,53.7,53.3722,53.69
1152,2022-01-04,53.47,53.644,53.6428,53.52
1151,2022-01-03,53.61,53.83,53.61,53.83
1150,2021-12-31,54.07,54.25,54.09,54.15
1149,2021-12-30,53.9506,54.18,54.125,54.05
1148,2021-12-29,53.905,54.0509,53.95,53.99
1147,2021-12-28,54.18,54.365,54.19,54.36
1146,2021-12-27,54.24,54.38,54.3443,54.24
1145,2021-12-23,54.115,54.28,54.26,54.23
1144,2021-12-22,54.1972,54.2812,54.2812,54.26
1143,2021-12-21,53.945,54.2,54.1893,53.97
1142,2021-12-20,54.1,54.28,54.1127,54.28
1141,2021-12-17,54.301,54.4,54.35,54.3704
1140,2021-12-16,54.09,54.38,54.2044,54.24
1139,2021-12-15,54.02,54.2346,54.2346,54.02
1138,2021-12-14,54.1264,54.2535,54.1731,54.14
1137,2021-12-13,54.35,54.55,54.375,54.35
1136,2021-12-10,54.1304,54.3599,54.175,54.16
1135,2021-12-09,54.11,54.29,54.14,54.25
1134,2021-12-08,54.09,54.46,54.1707,54.46
1133,2021-12-07,54.42,54.61,54.4667,54.44
1132,2021-12-06,54.43,54.67,54.435,54.67
1131,2021-12-03,54.29,54.745,54.6712,54.32
1130,2021-12-02,54.1301,54.2968,54.2899,54.2
1129,2021-12-01,54.0366,54.19,54.185,54.11
1128,2021-11-30,54.24,54.53,54.3167,54.38
1127,2021-11-29,53.93,54.21,54.2092,53.93
1126,2021-11-26,53.94,54.14,54.125,54.05
1125,2021-11-24,53.5205,53.79,53.7843,53.56
1124,2021-11-23,53.6072,53.8163,53.6072,53.7801
1123,2021-11-22,53.8941,54.26,53.91,54.11
1122,2021-11-19,54.26,54.4,54.3002,54.26
1121,2021-11-18,54.02,54.175,54.1218,54.02
1120,2021-11-17,53.8,54.045,54.0393,53.8
1119,2021-11-16,53.85,54.06,53.8576,53.92
1118,2021-11-15,53.93,54.21,53.9414,53.93
1117,2021-11-12,54.22,54.43,54.31,54.43
1116,2021-11-11,54.3215,54.4613,54.34,54.4613
1115,2021-11-10,54.4408,54.7781,54.487,54.7781
1114,2021-11-09,54.96,55.09,54.97,55.07
1113,2021-11-08,54.8026,54.86,54.83,54.85
1112,2021-11-05,54.75,55.02,54.95,54.79
1111,2021-11-04,54.37,54.6708,54.6002,54.37
1110,2021-11-03,54.28,54.61,54.4,54.61
1109,2021-11-02,54.32,54.508,54.47,54.37
1108,2021-11-01,54.12,54.33,54.3144,54.12
1107,2021-10-29,54.32,54.69,54.5,54.32
1106,2021-10-28,54.425,54.59,54.4944,54.52
1105,2021-10-27,54.45,54.66,54.5625,54.49
1104,2021-10-26,54.145,54.2951,54.2951,54.21
1103,2021-10-25,54.06,54.2057,54.1012,54.06
1102,2021-10-22,53.99,54.16,54.08,54.02
1101,2021-10-21,53.872,53.98,53.9143,53.98
1100,2021-10-20,53.98,54.29,54.0255,54.29
1099,2021-10-19,54.11,54.24,54.1109,54.23
1098,2021-10-18,54.24,54.43,54.3674,54.24
1097,2021-10-15,54.3399,54.43,54.4185,54.4
1096,2021-10-14,54.4,54.54,54.5361,54.43
1095,2021-10-13,54.17,54.35,54.34,54.185
1094,2021-10-12,53.92,54.12,54.09,53.92
1093,2021-10-11,53.8432,53.92,53.8444,53.92
1092,2021-10-08,53.89,53.98,53.9289,53.97
1091,2021-10-07,54.12,54.255,54.1427,54.255
1090,2021-10-06,54.2524,54.3797,54.3405,54.34
1089,2021-10-05,54.3099,54.48,54.3406,54.48
1088,2021-10-04,54.4,54.5496,54.52,54.44
1087,2021-10-01,54.4418,54.66,54.6085,54.45
1086,2021-09-30,54.35,54.4667,54.3637,54.46
1085,2021-09-29,54.44,54.6955,54.497,54.679
1084,2021-09-28,54.5014,54.7,54.5141,54.7
1083,2021-09-27,54.91,55.04,54.9929,54.91
1082,2021-09-24,54.9828,55.08,55.0136,55.05
1081,2021-09-23,55.1009,55.32,55.1366,55.29
1080,2021-09-22,55.32,55.455,55.452,55.32
1079,2021-09-21,55.3,55.3606,55.328,55.33
1078,2021-09-20,55.2,55.34,55.3108,55.23
1077,2021-09-17,55.1337,55.2,55.1846,55.185
1076,2021-09-16,55.21,55.3099,55.2855,55.2173
1075,2021-09-15,55.28,55.3984,55.3503,55.37
1074,2021-09-14,55.3148,55.4945,55.3956,55.32
1073,2021-09-13,55.24,55.32,55.2551,55.24
1072,2021-09-10,55.075,55.24,55.1591,55.24
1071,2021-09-09,55.01,55.3,55.2781,55.04
1070,2021-09-08,54.8401,55.01,54.9857,54.9
1069,2021-09-07,54.75,54.88,54.8018,54.88
1068,2021-09-03,54.96,55.09,55.05,54.96
1067,2021-09-02,55.1317,55.21,55.209,55.1684
1066,2021-09-01,55.04,55.19,55.13,55.19
1065,2021-08-31,55.18,55.3499,55.19,55.27
1064,2021-08-30,55.2009,55.29,55.2886,55.2188
1063,2021-08-27,54.94,55.29,55.2115,54.98
1062,2021-08-26,54.88,55.02,54.95,55.02
1061,2021-08-25,54.899,55.066,54.9564,55.0599
1060,2021-08-24,55.005,55.1498,55.0785,55.11
1059,2021-08-23,55.1439,55.2346,55.1921,55.17
1058,2021-08-20,55.12,55.2,55.1604,55.12
1057,2021-08-19,54.99,55.15,55.1138,55.08
1056,2021-08-18,54.949,55.07,55.0,55.04
1055,2021-08-17,55.04,55.1194,55.06,55.09
1054,2021-08-16,55.1224,55.2992,55.1248,55.2608
1053,2021-08-13,54.89,55.12,55.09,54.89
1052,2021-08-12,54.69,54.779,54.779,54.73
1051,2021-08-11,54.5888,54.8191,54.736,54.65
1050,2021-08-10,54.63,54.7485,54.63,54.71
1049,2021-08-09,54.73,54.96,54.73,54.9
1048,2021-08-06,54.932,55.26,54.932,55.05
1047,2021-08-05,55.31,55.4364,55.31,55.4364
1046,2021-08-04,55.32,55.66,55.504,55.62
1045,2021-08-03,55.445,55.55,55.4986,55.48
1044,2021-08-02,55.3519,55.538,55.4302,55.39
1043,2021-07-30,55.4,55.48,55.43,55.4
1042,2021-07-29,55.3302,55.41,55.39,55.4
1041,2021-07-28,55.15,55.5,55.5,55.33
1040,2021-07-27,55.3401,55.43,55.43,55.403
1039,2021-07-26,55.22,55.353,55.234,55.34
1038,2021-07-23,55.17,55.34,55.3172,55.18
1037,2021-07-22,55.16,55.3626,55.3526,55.16
1036,2021-07-21,55.09,55.24,55.15,55.17
1035,2021-07-20,55.255,55.56,55.3208,55.56
1034,2021-07-19,55.27,55.43,55.3663,55.31
1033,2021-07-16,55.0259,55.17,55.0496,55.03
1032,2021-07-15,54.7501,55.17,55.1157,55.17
1031,2021-07-14,54.92,55.0309,55.0309,54.92
1030,2021-07-13,54.74,55.04,54.7842,55.0
1029,2021-07-12,54.97,55.09,54.9768,55.09
1028,2021-07-09,54.9748,55.04,54.9988,55.0046
1027,2021-07-08,55.1501,55.27,55.2163,55.17
1026,2021-07-07,55.09,55.2397,55.1898,55.1
1025,2021-07-06,54.92,55.14,55.0296,54.92
1024,2021-07-02,54.73,54.88,54.86,54.73
1023,2021-07-01,54.63,54.77,54.7098,54.7321
1022,2021-06-30,54.84,54.95,54.84,54.9
1021,2021-06-29,54.64,54.81,54.7824,54.64
1020,2021-06-28,54.64,54.78,54.7452,54.64
1019,2021-06-25,54.4111,54.6698,54.527,54.6698
1018,2021-06-24,54.6119,54.6881,54.67,54.62
1017,2021-06-23,54.554,54.64,54.56,54.559
1016,2021-06-22,54.41,54.65,54.6394,54.41
1015,2021-06-21,54.54,54.68,54.5633,54.68
1014,2021-06-18,54.6732,54.9,54.8316,54.73
1013,2021-06-17,54.45,54.815,54.5891,54.45
1012,2021-06-16,54.251,54.623,54.3374,54.53
1011,2021-06-15,54.3644,54.47,54.4649,54.4
1010,2021-06-14,54.3804,54.5,54.4499,54.46
1009,2021-06-11,54.54,54.65,54.6,54.6
1008,2021-06-10,54.389,54.56,54.5595,54.389
1007,2021-06-09,54.3007,54.4089,54.3601,54.39
1006,2021-06-08,54.1,54.21,54.1806,54.21
1005,2021-06-07,53.995,54.05,54.0246,54.02
1004,2021-06-04,53.89,54.07,54.0597,53.89
1003,2021-06-03,53.713,53.82,53.7486,53.82
1002,2021-06-02,53.87,53.949,53.937,53.915
1001,2021-06-01,53.71,53.86,53.821,53.77
1000,2021-05-28,53.9,54.04,53.9437,53.9
999,2021-05-27,53.85,53.975,53.8972,53.97
998,2021-05-26,53.94,54.07,54.04,53.99
997,2021-05-25,53.97,54.07,54.0544,53.97
996,2021-05-24,53.8,53.9,53.8666,53.8
995,2021-05-21,53.72,53.798,53.7498,53.79
994,2021-05-20,53.58,53.73,53.72,53.58
993,2021-05-19,53.36,53.544,53.4128,53.49
992,2021-05-18,53.491,53.57,53.4994,53.5539
991,2021-05-17,53.6218,53.69,53.6516,53.69
990,2021-05-14,53.58,53.69,53.6878,53.625
989,2021-05-13,53.41,53.485,53.4731,53.41
988,2021-05-12,53.25,53.4039,53.2828,53.3853
987,2021-05-11,53.4817,53.56,53.5471,53.5401
986,2021-05-10,53.7,53.91,53.7,53.83
985,2021-05-07,53.83,54.12,53.91,54.02
984,2021-05-06,53.8401,54.07,53.9241,53.9062
983,2021-05-05,53.72,53.844,53.83,53.73
982,2021-05-04,53.71,53.88,53.7744,53.85
981,2021-05-03,53.625,53.81,53.7231,53.69
980,2021-04-30,53.6676,53.77,53.7377,53.6676
979,2021-04-29,53.495,53.67,53.6526,53.56
978,2021-04-28,53.58,53.709,53.7084,53.67
977,2021-04-27,53.69,53.89,53.6999,53.88
976,2021-04-26,53.8908,53.97,53.9095,53.92
975,2021-04-23,53.86,53.9791,53.8972,53.86
974,2021-04-22,53.78,53.89,53.84,53.83
973,2021-04-21,53.65,53.7914,53.7912,53.74
972,2021-04-20,53.54,53.76,53.68,53.54
971,2021-04-19,53.54,53.615,53.5738,53.54
970,2021-04-16,53.68,53.83,53.685,53.77
969,2021-04-15,53.89,54.1316,54.0092,53.89
968,2021-04-14,53.67,53.79,53.7225,53.74
967,2021-04-13,53.525,53.79,53.79,53.53
966,2021-04-12,53.516,53.57,53.5695,53.55
965,2021-04-09,53.52,53.714,53.6098,53.57
964,2021-04-08,53.56,53.68,53.6724,53.56
963,2021-04-07,53.48,53.6488,53.5068,53.6
962,2021-04-06,53.38,53.63,53.63,53.38
961,2021-04-05,53.29,53.43,53.3003,53.3
960,2021-04-01,53.4,53.57,53.5579,53.48
959,2021-03-31,53.2933,53.48,53.36,53.33
958,2021-03-30,53.0,53.3,53.2502,53.08
957,2021-03-29,53.05,53.19,53.0822,53.19
956,2021-03-26,53.1001,53.24,53.2184,53.12
955,2021-03-25,53.13,53.34,53.2223,53.32
954,2021-03-24,53.03,53.42,53.26,53.07
953,2021-03-23,53.02,53.15,53.15,53.03
952,2021-03-22,52.946,53.12,53.03,52.98
951,2021-03-19,52.7481,52.89,52.86,52.76
950,2021-03-18,52.6343,52.855,52.79,52.71
949,2021-03-17,52.74,53.13,53.04,52.81
948,2021-03-16,52.9246,53.1159,52.9885,53.07
947,2021-03-15,52.92,53.07,53.011,52.92
946,2021-03-12,52.84,53.06,52.895,53.02
945,2021-03-11,53.39,53.4977,53.45,53.43
944,2021-03-10,53.23,53.44,53.41,53.23
943,2021-03-09,53.05,53.22,53.1693,53.05
942,2021-03-08,52.8377,53.17,52.8377,53.16
941,2021-03-05,53.1042,53.26,53.23,53.18
940,2021-03-04,53.28,53.7438,53.37,53.62
939,2021-03-03,53.72,53.88,53.74,53.81
938,2021-03-02,53.9969,54.099,54.05,54.08
937,2021-03-01,53.95,54.13,54.13,53.95
936,2021-02-26,53.695,54.2,54.2,53.91
935,2021-02-25,53.285,54.0,53.57,53.98
934,2021-02-24,53.88,54.32,54.3185,53.93
933,2021-02-23,53.76,54.28,54.27,54.08
932,2021-02-22,54.1801,54.49,54.2146,54.42
931,2021-02-19,54.48,54.759,54.5196,54.72
930,2021-02-18,54.735,54.9221,54.85,54.84
929,2021-02-17,54.83,54.96,54.95,54.89
928,2021-02-16,54.695,54.82,54.72,54.82
927,2021-02-12,55.02,55.13,55.03,55.02
926,2021-02-11,55.17,55.35,55.21,55.35
925,2021-02-10,55.25,55.37,55.321,55.28
924,2021-02-09,55.16,55.335,55.175,55.29
923,2021-02-08,55.14,55.3,55.28,55.14
922,2021-02-05,55.08,55.255,55.1,55.22
921,2021-02-04,55.042,55.23,55.215,55.08
920,2021-02-03,55.13,55.2,55.1667,55.17
919,2021-02-02,55.215,55.29,55.26,55.22
918,2021-02-01,55.2509,55.41,55.355,55.27
917,2021-01-29,55.32,55.481,55.4,55.32
916,2021-01-28,55.463,55.57,55.48,55.53
915,2021-01-27,55.52,55.66,55.54,55.66
914,2021-01-26,55.48,55.639,55.61,55.48
913,2021-01-25,55.51,55.62,55.59,55.51
912,2021-01-22,55.355,55.5,55.395,55.5
911,2021-01-21,55.25,55.6,55.46,55.25
910,2021-01-20,55.59,55.6667,55.605,55.61
909,2021-01-19,55.54,55.66,55.64,55.54
908,2021-01-15,55.52,55.6067,55.56,55.6
907,2021-01-14,55.48,55.75,55.49,55.7
906,2021-01-13,55.45,55.73,55.69,55.47
905,2021-01-12,55.07,55.36,55.34,55.21
904,2021-01-11,55.22,55.3238,55.22,55.32
903,2021-01-08,55.34,55.47,55.46,55.42
902,2021-01-07,55.355,55.495,55.45,55.39
901,2021-01-06,55.27,55.495,55.46,55.37
900,2021-01-05,55.7,55.89,55.85,55.89
899,2021-01-04,55.98,56.18,56.01,56.18
898,2020-12-31,56.205,56.29,56.24,56.26
897,2020-12-30,56.1365,56.23,56.23,56.15
896,2020-12-29,56.03,56.1899,56.18,56.03
895,2020-12-28,56.1201,56.32,56.292,56.19
894,2020-12-24,56.19,56.27,56.27,56.19
893,2020-12-23,55.85,56.09,56.09,55.95
892,2020-12-22,55.97,56.25,56.075,56.05
891,2020-12-21,55.8754,56.05,55.95,56.05
890,2020-12-18,55.975,56.15,56.03,56.15
889,2020-12-17,55.9716,56.17,56.05,56.14
888,2020-12-16,55.8327,56.095,56.0,55.94
887,2020-12-15,55.8907,56.04,56.0333,56.02
886,2020-12-14,55.8,56.0,55.94,55.87
885,2020-12-11,55.8464,56.0,56.0,55.97
884,2020-12-10,55.69,55.96,55.93,55.69
883,2020-12-09,55.605,55.76,55.7,55.71
882,2020-12-08,55.88,56.24,55.9,55.96
881,2020-12-07,55.9694,56.1,55.9758,56.05
880,2020-12-04,55.8698,55.97,55.94,55.97
879,2020-12-03,56.103,56.244,56.21,56.1453
878,2020-12-02,55.925,56.06,56.05,56.02
877,2020-12-01,56.09,56.34,56.1275,56.25
876,2020-11-30,56.26,56.48,56.41,56.33
875,2020-11-27,56.16,56.3,56.2918,56.16
874,2020-11-25,56.06,56.16,56.095,56.06
873,2020-11-24,56.08,56.24,56.11,56.2199
872,2020-11-23,56.1,56.23,56.21,56.1
871,2020-11-20,55.985,56.1997,56.1,56.16
870,2020-11-19,55.94,56.189,56.14,56.06
869,2020-11-18,55.82,55.93,55.91,55.89
868,2020-11-17,55.61,55.78,55.76,55.61
867,2020-11-16,55.4903,55.65,55.63,55.55
866,2020-11-13,55.4,55.51,55.47,55.4
865,2020-11-12,55.24,55.46,55.46,55.35
864,2020-11-11,55.13,55.27,55.2517,55.13
863,2020-11-10,55.15,55.3374,55.17,55.25
862,2020-11-09,55.27,55.699,55.295,55.68
861,2020-11-06,55.51,55.67,55.6,55.59
860,2020-11-05,55.68,55.8743,55.71,55.77
859,2020-11-04,55.5,55.715,55.61,55.59
858,2020-11-03,54.88,54.99,54.99,54.95
857,2020-11-02,54.88,54.98,54.95,54.88
856,2020-10-30,54.86,55.0662,54.87,55.035
855,2020-10-29,54.98,55.23,55.0826,55.18
854,2020-10-28,55.205,55.42,55.24,55.38
853,2020-10-27,55.3261,55.46,55.46,55.4
852,2020-10-26,55.214,55.34,55.29,55.29
851,2020-10-23,55.0,55.25,55.2,55.0
850,2020-10-22,55.0,55.1,55.0217,55.05
849,2020-10-21,55.1,55.26,55.15,55.1
848,2020-10-20,55.1909,55.31,55.2,55.2
847,2020-10-19,55.2994,55.41,55.33,55.41
846,2020-10-16,55.435,55.55,55.45,55.51
845,2020-10-15,55.4572,55.57,55.53,55.55
844,2020-10-14,55.48,55.57,55.56,55.48
843,2020-10-13,55.44,55.6,55.46,55.58
842,2020-10-12,55.27,55.57,55.5249,55.27
841,2020-10-09,55.1,55.28,55.28,55.1
840,2020-10-08,55.04,55.23,55.1259,55.09
839,2020-10-07,54.954,55.2,55.04,55.05
838,2020-10-06,55.04,55.2798,55.1103,55.06
837,2020-10-05,55.0,55.189,55.09,55.11
836,2020-10-02,54.98,55.21,55.2,55.21
835,2020-10-01,54.92,55.229,55.1924,54.92
834,2020-09-30,55.06,55.215,55.16,55.18
833,2020-09-29,55.2294,55.3035,55.25,55.29
832,2020-09-28,55.0154,55.26,55.26,55.0154
831,2020-09-25,54.92,55.08,55.04,55.0
830,2020-09-24,55.015,55.15,55.0742,55.15
829,2020-09-23,55.1112,55.53,55.1436,55.5
828,2020-09-22,55.54,55.58,55.5497,55.58
827,2020-09-21,55.5,55.83,55.54,55.53
826,2020-09-18,55.52,55.83,55.61,55.69
825,2020-09-17,55.5085,55.91,55.65,55.78
824,2020-09-16,55.5706,55.92,55.69,55.72
823,2020-09-15,55.52,55.62,55.6,55.55
822,2020-09-14,55.46,55.61,55.53,55.56
821,2020-09-11,55.335,55.4576,55.415,55.4
820,2020-09-10,55.25,55.41,55.38,55.32
819,2020-09-09,55.32,55.42,55.34,55.42
818,2020-09-08,55.28,55.4,55.32,55.28
817,2020-09-04,55.25,55.64,55.285,55.64
816,2020-09-03,55.7379,55.91,55.84,55.91
815,2020-09-02,55.6,55.98,55.92,55.6
814,2020-09-01,55.3081,55.66,55.66,55.38
813,2020-08-31,55.37,55.5562,55.47,55.37
812,2020-08-28,55.17,55.44,55.3,55.17
811,2020-08-27,55.1003,55.62,55.17,55.62
810,2020-08-26,55.3572,55.51,55.4852,55.49
809,2020-08-25,55.375,55.55,55.51,55.55
808,2020-08-24,55.66,55.86,55.71,55.82
807,2020-08-21,55.68,55.99,55.82,55.8
806,2020-08-20,55.6221,55.78,55.73,55.78
805,2020-08-19,55.5,55.78,55.52,55.7014
804,2020-08-18,55.5658,55.68,55.631,55.59
803,2020-08-17,55.44,55.61,55.48,55.55
802,2020-08-14,55.35,55.62,55.37,55.62
801,2020-08-13,55.5306,56.04,55.62,56.04
800,2020-08-12,56.05,56.39,56.13,56.39
799,2020-08-11,56.16,56.28,56.2239,56.21
798,2020-08-10,56.49,56.71,56.53,56.71
797,2020-08-07,56.5801,56.84,56.66,56.82
796,2020-08-06,56.6803,56.84,56.78,56.705
795,2020-08-05,56.555,56.6737,56.63,56.61
794,2020-08-04,56.48,56.68,56.67,56.48
793,2020-08-03,56.28,56.53,56.4789,56.42
792,2020-07-31,56.4109,56.62,56.62,56.48
791,2020-07-30,56.35,56.53,56.49,56.43
790,2020-07-29,56.18,56.49,56.48,56.18
789,2020-07-28,56.23,56.32,56.2475,56.25
788,2020-07-27,56.2606,56.43,56.29,56.39
787,2020-07-24,56.3451,56.5,56.45,56.42
786,2020-07-23,56.42,56.89,56.55,56.54
785,2020-07-22,56.34,56.49,56.46,56.34
784,2020-07-21,56.28,56.41,56.29,56.34
783,2020-07-20,56.16,56.25,56.17,56.25
782,2020-07-17,56.04,56.26,56.12,56.12
781,2020-07-16,55.93,56.55,56.04,56.02
780,2020-07-15,55.75,55.97,55.88,55.75
779,2020-07-14,55.56,55.83,55.792,55.56
778,2020-07-13,55.5,55.71,55.5,55.64
777,2020-07-10,55.6,56.17,55.6,56.17
776,2020-07-09,55.46,55.83,55.72,55.46
775,2020-07-08,55.45,55.56,55.505,55.508
774,2020-07-07,55.34,55.66,55.55,55.43
773,2020-07-06,55.28,55.442,55.425,55.28
772,2020-07-02,55.18,55.71,55.32,55.18
771,2020-07-01,54.83,55.21,55.21,54.83
770,2020-06-30,54.953,55.13,55.099,55.03
769,2020-06-29,54.67,55.14,54.94,54.67
768,2020-06-26,54.62,54.76,54.66,54.76
767,2020-06-25,54.556,55.24,54.67,54.64
766,2020-06-24,54.52,54.68,54.66,54.625
765,2020-06-23,54.745,54.91,54.75,54.8
764,2020-06-22,54.68,54.955,54.791,54.85
763,2020-06-19,54.69,54.9,54.75,54.9
762,2020-06-18,54.61,54.813,54.78,54.75
761,2020-06-17,54.5,54.93,54.75,54.93
760,2020-06-16,54.805,55.17,54.856,55.17
759,2020-06-15,54.194,55.04,54.94,54.194
758,2020-06-12,54.148,54.45,54.253,54.45
757,2020-06-11,53.96,54.43,54.11,54.43
756,2020-06-10,54.236,54.67,54.67,54.236
755,2020-06-09,54.36,54.469,54.38,54.435
754,2020-06-08,54.335,54.483,54.43,54.335
753,2020-06-05,54.071,54.35,54.34,54.35
752,2020-06-04,54.041,54.24,54.14,54.19
751,2020-06-03,54.14,54.33,54.22,54.33
750,2020-06-02,54.138,54.31,54.31,54.17
749,2020-06-01,54.02,54.12,54.12,54.07
748,2020-05-29,53.95,54.31,54.26,53.98
747,2020-05-28,53.82,53.995,53.995,53.91
746,2020-05-27,53.75,53.93,53.926,53.84
745,2020-05-26,53.75,53.916,53.754,53.885
744,2020-05-22,53.76,53.86,53.82,53.85
743,2020-05-21,53.7,53.9,53.7,53.77
742,2020-05-20,53.45,53.9,53.9,53.526
741,2020-05-19,53.24,53.41,53.37,53.36
740,2020-05-18,53.1,53.28,53.155,53.16
739,2020-05-15,52.78,53.06,53.06,52.78
738,2020-05-14,52.525,52.75,52.73,52.71
737,2020-05-13,52.43,52.69,52.54,52.69
736,2020-05-12,52.31,52.59,52.44,52.555
735,2020-05-11,51.73,52.23,51.96,52.21
734,2020-05-08,52.208,52.46,52.275,52.42
733,2020-05-07,52.36,52.53,52.519,52.36
732,2020-05-06,52.42,52.63,52.47,52.6
731,2020-05-05,52.9,53.118,52.9,52.904
730,2020-05-04,52.92,53.15,52.92,53.15
729,2020-05-01,52.72,54.71,52.981,52.86
728,2020-04-30,53.241,53.51,53.27,53.27
727,2020-04-29,53.3,53.53,53.46,53.425
726,2020-04-28,53.05,53.32,53.25,53.17
725,2020-04-27,53.01,53.55,53.01,53.55
724,2020-04-24,53.2,53.54,53.52,53.539
723,2020-04-23,53.255,53.605,53.475,53.378
722,2020-04-22,53.07,53.4,53.32,53.4
721,2020-04-21,53.0,53.56,53.1,53.56
720,2020-04-20,53.02,53.52,53.52,53.02
719,2020-04-17,53.431,54.03,53.77,53.976
718,2020-04-16,53.25,53.89,53.28,53.7
717,2020-04-15,53.194,53.733,53.66,53.194
716,2020-04-14,53.502,53.89,53.57,53.63
715,2020-04-13,53.307,54.0,53.63,54.0
714,2020-04-09,53.2,53.86,53.73,53.265
713,2020-04-08,51.14,52.01,51.846,51.14
712,2020-04-07,51.22,51.482,51.32,51.48
711,2020-04-06,50.53,51.0,50.9,50.53
710,2020-04-03,50.14,50.93,50.17,50.93
709,2020-04-02,50.26,50.816,50.31,50.489
708,2020-04-01,50.16,50.94,50.371,50.51
707,2020-03-31,51.084,51.47,51.236,51.084
706,2020-03-30,50.979,51.45,51.36,51.02
705,2020-03-27,50.06,50.97,50.49,50.97
704,2020-03-26,49.81,50.669,50.33,49.83
703,2020-03-25,48.71,50.807,50.04,49.42
702,2020-03-24,46.84,48.68,48.48,46.84
701,2020-03-23,45.993,47.444,46.98,46.09
700,2020-03-20,44.03,45.794,44.11,44.66
699,2020-03-19,43.646,45.78,44.23,45.07
698,2020-03-18,45.03,48.14,45.58,46.995
697,2020-03-17,47.97,49.645,48.13,49.59
696,2020-03-16,48.611,50.199,49.72,48.95
695,2020-03-13,49.45,51.05,51.05,50.01
694,2020-03-12,48.63,51.62,49.153,50.51
693,2020-03-11,51.35,52.99,51.418,52.99
692,2020-03-10,52.74,53.96,52.74,53.96
691,2020-03-09,53.57,54.38,53.74,54.38
690,2020-03-06,54.65,55.01,54.89,54.94
689,2020-03-05,54.539,54.73,54.62,54.62
688,2020-03-04,54.52,54.78,54.53,54.62
687,2020-03-03,53.96,54.75,54.49,53.96
686,2020-03-02,53.902,54.195,53.93,54.078
685,2020-02-28,53.711,54.12,54.1,53.74
684,2020-02-27,53.59,53.92,53.62,53.92
683,2020-02-26,53.872,54.043,53.88,53.89
682,2020-02-25,53.95,54.11,53.97,54.07
681,2020-02-24,53.94,54.09,53.94,54.08
680,2020-02-21,53.887,54.036,53.93,54.013
679,2020-02-20,53.733,53.82,53.8,53.744
678,2020-02-19,53.66,53.74,53.7,53.66
677,2020-02-18,53.68,53.8,53.72,53.73
676,2020-02-14,53.63,53.702,53.66,53.702
675,2020-02-13,53.53,53.622,53.56,53.595
674,2020-02-12,53.49,53.59,53.556,53.554
673,2020-02-11,53.58,53.66,53.59,53.58
672,2020-02-10,53.59,53.68,53.62,53.68
671,2020-02-07,53.514,53.61,53.56,53.54
670,2020-02-06,53.31,53.44,53.37,53.31
669,2020-02-05,53.3021,53.4,53.3301,53.32
668,2020-02-04,53.33,53.428,53.37,53.35
667,2020-02-03,53.407,53.58,53.549,53.5
666,2020-01-31,53.61,53.76,53.74,53.62
665,2020-01-30,53.53,53.65,53.55,53.53
664,2020-01-29,53.49,53.595,53.58,53.537
663,2020-01-28,53.4,53.49,53.427,53.461
662,2020-01-27,53.433,53.54,53.52,53.457
661,2020-01-24,53.384,53.47,53.439,53.42
660,2020-01-23,53.276,53.39,53.33,53.29
659,2020-01-22,53.232,53.31,53.26,53.28
658,2020-01-21,53.092,53.23,53.22,53.12
657,2020-01-17,52.88,53.04,53.04,52.88
656,2020-01-16,52.9,53.01,52.978,52.98
655,2020-01-15,52.89,52.97,52.955,52.97
654,2020-01-14,52.73,52.84,52.82,52.79
653,2020-01-13,52.754,52.825,52.8,52.754
652,2020-01-10,52.766,52.89,52.87,52.766
651,2020-01-09,52.49,52.713,52.704,52.495
650,2020-01-08,52.44,52.675,52.54,52.66
649,2020-01-07,52.59,52.72,52.6,52.65
648,2020-01-06,52.7,52.91,52.77,52.885
647,2020-01-03,52.75,52.915,52.86,52.75
646,2020-01-02,52.67,52.827,52.73,52.745
645,2019-12-31,52.54,52.68,52.6,52.62
644,2019-12-30,52.54,52.722,52.715,52.59
643,2019-12-27,52.702,52.78,52.755,52.74
642,2019-12-26,52.7,52.788,52.785,52.71
641,2019-12-24,52.52,52.73,52.688,52.52
640,2019-12-23,52.55,52.7,52.62,52.7
639,2019-12-20,52.6,52.68,52.66,52.6
638,2019-12-19,52.53,52.72,52.655,52.53
637,2019-12-18,52.54,52.62,52.59,52.58
636,2019-12-17,52.609,52.69,52.67,52.69
635,2019-12-16,52.59,52.71,52.625,52.71
634,2019-12-13,52.5,52.76,52.73,52.57
633,2019-12-12,52.31,52.58,52.38,52.58
632,2019-12-11,52.56,52.778,52.72,52.56
631,2019-12-10,52.47,52.57,52.53,52.474
630,2019-12-09,52.52,52.63,52.528,52.63
629,2019-12-06,52.38,52.55,52.51,52.38
628,2019-12-05,52.395,52.55,52.55,52.395
627,2019-12-04,52.43,52.623,52.57,52.623
626,2019-12-03,52.51,52.71,52.62,52.525
625,2019-12-02,52.21,52.319,52.3,52.28
624,2019-11-29,52.61,52.74,52.661,52.74
623,2019-11-27,52.64,52.74,52.71,52.64
622,2019-11-26,52.65,52.75,52.73,52.65
621,2019-11-25,52.55,52.604,52.59,52.55
620,2019-11-22,52.41,52.49,52.49,52.43
619,2019-11-21,52.32,52.42,52.362,52.41
618,2019-11-20,52.44,52.524,52.507,52.49
617,2019-11-19,52.356,52.42,52.42,52.356
616,2019-11-18,52.28,52.387,52.285,52.28
615,2019-11-15,52.25,52.29,52.27,52.255
614,2019-11-14,52.238,52.31,52.27,52.27
613,2019-11-13,52.029,52.12,52.07,52.12
612,2019-11-12,51.864,51.98,51.97,51.906
611,2019-11-11,51.85,51.97,51.9,51.916
610,2019-11-08,51.832,52.02,51.873,51.94
609,2019-11-07,51.829,52.05,51.937,52.05
608,2019-11-06,52.154,52.26,52.224,52.19
607,2019-11-05,52.005,52.1,52.06,52.1
606,2019-11-04,52.23,52.33,52.31,52.283
605,2019-11-01,52.371,52.57,52.455,52.52
604,2019-10-31,52.536,52.67,52.625,52.586
603,2019-10-30,52.158,52.365,52.331,52.177
602,2019-10-29,52.17,52.21,52.182,52.204
601,2019-10-28,52.17,52.27,52.23,52.24
600,2019-10-25,52.281,52.44,52.35,52.44
599,2019-10-24,52.38,52.468,52.39,52.45
598,2019-10-23,52.31,52.43,52.334,52.39
597,2019-10-22,52.2,52.38,52.29,52.38
596,2019-10-21,52.2,52.28,52.24,52.22
595,2019-10-18,52.3,52.39,52.32,52.33
594,2019-10-17,52.2,52.36,52.27,52.22
593,2019-10-16,52.18,52.25,52.24,52.18
592,2019-10-15,52.16,52.24,52.16,52.228
591,2019-10-14,52.18,52.268,52.255,52.18
590,2019-10-11,52.02,52.16,52.089,52.14
589,2019-10-10,52.161,52.29,52.173,52.29
588,2019-10-09,52.4,52.55,52.424,52.55
587,2019-10-08,52.478,52.63,52.478,52.63
586,2019-10-07,52.49,52.629,52.51,52.59
585,2019-10-04,52.59,52.75,52.745,52.59
584,2019-10-03,52.43,52.6,52.559,52.43
583,2019-10-02,52.299,52.38,52.35,52.325
582,2019-10-01,52.12,52.46,52.356,52.12
581,2019-09-30,52.29,52.42,52.408,52.29
580,2019-09-27,52.295,52.36,52.326,52.33
579,2019-09-26,52.285,52.39,52.3,52.33
578,2019-09-25,52.149,52.45,52.2,52.45
577,2019-09-24,52.36,52.53,52.498,52.36
576,2019-09-23,52.312,52.455,52.33,52.39
575,2019-09-20,52.08,52.31,52.29,52.127
574,2019-09-19,51.999,52.1,52.0,52.08
573,2019-09-18,51.819,52.043,51.881,51.9
572,2019-09-17,51.65,51.84,51.808,51.65
571,2019-09-16,51.56,51.74,51.682,51.585
570,2019-09-13,51.47,51.726,51.47,51.67
569,2019-09-12,51.8,52.041,51.855,52.041
568,2019-09-11,51.88,51.982,51.905,51.982
567,2019-09-10,51.93,52.237,51.95,52.236
566,2019-09-09,52.29,52.4,52.315,52.33
565,2019-09-06,52.494,52.64,52.63,52.55
564,2019-09-05,52.37,52.501,52.428,52.501
563,2019-09-04,52.68,52.84,52.796,52.72
562,2019-09-03,52.66,52.9,52.73,52.74
561,2019-08-30,52.746,52.92,52.897,52.849
560,2019-08-29,52.76,52.91,52.91,52.9
559,2019-08-28,52.952,53.12,52.952,53.11
558,2019-08-27,52.84,52.994,52.93,52.84
557,2019-08-26,52.704,52.9,52.79,52.87
556,2019-08-23,52.561,52.86,52.803,52.584
555,2019-08-22,52.558,52.7,52.566,52.69
554,2019-08-21,52.54,52.77,52.72,52.54
553,2019-08-20,52.513,52.65,52.65,52.53
552,2019-08-19,52.357,52.455,52.388,52.37
551,2019-08-16,52.4,52.5858,52.5358,52.47
550,2019-08-15,52.335,52.56,52.551,52.335
549,2019-08-14,52.27,52.36,52.32,52.27
548,2019-08-13,52.13,52.24,52.148,52.24
547,2019-08-12,52.06,52.26,52.24,52.06
546,2019-08-09,51.916,52.06,51.93,52.02
545,2019-08-08,51.765,52.008,52.008,51.859
544,2019-08-07,51.93,52.171,51.93,52.169
543,2019-08-06,51.75,51.92,51.91,51.75
542,2019-08-05,51.708,51.81,51.759,51.81
541,2019-08-02,51.594,51.7,51.7,51.62
540,2019-08-01,51.45,51.69,51.67,51.45
539,2019-07-31,51.22,51.481,51.44,51.43
538,2019-07-30,51.3,51.4,51.338,51.38
537,2019-07-29,51.38,51.45,51.388,51.45
536,2019-07-26,51.32,51.4,51.39,51.4
535,2019-07-25,51.203,51.335,51.31,51.26
534,2019-07-24,51.33,51.433,51.42,51.415
533,2019-07-23,51.23,51.32,51.285,51.3
532,2019-07-22,51.27,51.344,51.3,51.34
531,2019-07-19,51.173,51.26,51.195,51.22
530,2019-07-18,51.08,51.27,51.27,51.134
529,2019-07-17,50.97,51.17,51.11,50.97
528,2019-07-16,50.87,50.95,50.935,50.91
527,2019-07-15,50.99,51.08,51.07,51.07
526,2019-07-12,50.88,51.01,50.99,50.89
525,2019-07-11,50.886,51.091,50.918,51.05
524,2019-07-10,51.05,51.173,51.115,51.12
523,2019-07-09,51.05,51.14,51.1,51.06
522,2019-07-08,51.17,51.28,51.18,51.28
521,2019-07-05,51.04,51.25,51.216,51.25
520,2019-07-03,51.44,51.56,51.55,51.44
519,2019-07-02,51.28,51.44,51.415,51.28
518,2019-07-01,51.22,51.399,51.285,51.37
517,2019-06-28,51.3,51.59,51.4,51.3
516,2019-06-27,51.13,51.298,51.29,51.13
515,2019-06-26,51.04,51.155,51.1,51.155
514,2019-06-25,51.165,51.3,51.2,51.3
513,2019-06-24,51.2,51.32,51.29,51.2
512,2019-06-21,51.04,51.17,51.08,51.16
511,2019-06-20,51.1301,51.28,51.26,51.2029
510,2019-06-19,50.6121,51.04,50.99,50.6121
509,2019-06-18,50.67,50.79,50.683,50.746
508,2019-06-17,50.42,50.51,50.468,50.42
507,2019-06-14,50.36,50.48,50.48,50.36
506,2019-06-13,50.37,50.46,50.415,50.415
505,2019-06-12,50.28,50.339,50.32,50.29
504,2019-06-11,50.26,50.32,50.31,50.26
503,2019-06-10,50.2601,50.34,50.29,50.32
502,2019-06-07,50.37,50.43,50.375,50.4
501,2019-06-06,50.12,50.231,50.14,50.16
500,2019-06-05,50.08,50.2,50.107,50.179
499,2019-06-04,50.0001,50.11,50.07,50.06
498,2019-06-03,49.98,50.179,50.135,50.02
497,2019-05-31,49.99,50.11,50.085,49.993
496,2019-05-30,49.87,50.0,49.994,49.87
495,2019-05-29,49.73,49.856,49.74,49.845
494,2019-05-28,49.74,49.829,49.795,49.74
493,2019-05-24,49.68,49.73,49.705,49.71
492,2019-05-23,49.55,49.73,49.674,49.55
491,2019-05-22,49.54,49.6,49.56,49.562
490,2019-05-21,49.47,49.56,49.48,49.49
489,2019-05-20,49.518,49.6,49.56,49.56
488,2019-05-17,49.584,49.65,49.615,49.59
487,2019-05-16,49.571,49.63,49.595,49.63
486,2019-05-15,49.56,49.636,49.636,49.63
485,2019-05-14,49.47,49.56,49.535,49.55
484,2019-05-13,49.421,49.546,49.495,49.51
483,2019-05-10,49.401,49.48,49.445,49.48
482,2019-05-09,49.41,49.5,49.445,49.5
481,2019-05-08,49.42,49.557,49.42,49.557
480,2019-05-07,49.53,49.59,49.545,49.53
479,2019-05-06,49.47,49.555,49.496,49.48
478,2019-05-03,49.381,49.45,49.43,49.44
477,2019-05-02,49.27,49.42,49.29,49.41
476,2019-05-01,49.434,49.68,49.465,49.57
475,2019-04-30,49.606,49.7,49.7,49.64
474,2019-04-29,49.595,49.65,49.613,49.64
473,2019-04-26,49.68,49.755,49.73,49.75
472,2019-04-25,49.524,49.62,49.58,49.62
471,2019-04-24,49.56,49.63,49.6,49.595
470,2019-04-23,49.36,49.44,49.425,49.41
469,2019-04-22,49.26,49.37,49.31,49.26
468,2019-04-18,49.37,49.47,49.4,49.47
467,2019-04-17,49.346,49.43,49.36,49.43
466,2019-04-16,49.3301,49.46,49.365,49.46
465,2019-04-15,49.474,49.53,49.51,49.48
464,2019-04-12,49.41,49.5,49.44,49.441
463,2019-04-11,49.46,49.52,49.48,49.51
462,2019-04-10,49.5,49.571,49.565,49.516
461,2019-04-09,49.37,49.45,49.405,49.45
460,2019-04-08,49.28,49.36,49.34,49.28
459,2019-04-05,49.28,49.36,49.345,49.28
458,2019-04-04,49.21,49.3,49.3,49.24
457,2019-04-03,49.19,49.23,49.191,49.19
456,2019-04-02,49.229,49.29,49.265,49.229
455,2019-04-01,49.19,49.313,49.223,49.3
454,2019-03-29,49.488,49.61,49.575,49.53
453,2019-03-28,49.5,49.6,49.59,49.6
452,2019-03-27,49.5,49.6,49.543,49.6
451,2019-03-26,49.39,49.49,49.467,49.39
450,2019-03-25,49.266,49.51,49.44,49.266
449,2019-03-22,49.231,49.35,49.305,49.231
448,2019-03-21,48.98,49.08,49.02,49.08
447,2019-03-20,48.72,48.986,48.986,48.77
446,2019-03-19,48.72,48.77,48.75,48.72
445,2019-03-18,48.725,48.78,48.73,48.774
444,2019-03-15,48.6816,48.77,48.7385,48.7686
443,2019-03-14,48.583,48.658,48.595,48.64
442,2019-03-13,48.64,48.71,48.7,48.68
441,2019-03-12,48.65,48.75,48.67,48.65
440,2019-03-11,48.499,48.6,48.555,48.501
439,2019-03-08,48.41,48.56,48.56,48.411
438,2019-03-07,48.43,48.54,48.496,48.51
437,2019-03-06,48.386,48.44,48.398,48.42
436,2019-03-05,48.295,48.39,48.35,48.324
435,2019-03-04,48.3,48.4,48.345,48.3
434,2019-03-01,48.19,48.34,48.23,48.3
433,2019-02-28,48.381,48.51,48.425,48.51
432,2019-02-27,48.43,48.495,48.43,48.48
431,2019-02-26,48.537,48.62,48.58,48.55
430,2019-02-25,48.4801,48.5649,48.515,48.5332
429,2019-02-22,48.4901,48.56,48.525,48.5265
428,2019-02-21,48.3102,48.41,48.3662,48.39
427,2019-02-20,48.42,48.54,48.496,48.468
426,2019-02-19,48.533,48.6272,48.533,48.55
425,2019-02-15,48.43,48.58,48.58,48.43
424,2019-02-14,48.4,48.49,48.46,48.466
423,2019-02-13,48.362,48.44,48.39,48.362
422,2019-02-12,48.42,48.51,48.49,48.42
421,2019-02-11,48.44,48.54,48.475,48.44
420,2019-02-08,48.47,48.59,48.545,48.47
419,2019-02-07,48.35,48.49,48.431,48.48
418,2019-02-06,48.39,48.54,48.39,48.529
417,2019-02-05,48.46,48.59,48.52,48.46
416,2019-02-04,48.27,48.39,48.363,48.36
415,2019-02-01,48.3,48.46,48.409,48.46
414,2019-01-31,48.45,48.66,48.639,48.45
413,2019-01-30,48.18,48.39,48.335,48.28
412,2019-01-29,48.11,48.24,48.195,48.19
411,2019-01-28,48.068,48.138,48.085,48.12
410,2019-01-25,48.02,48.13,48.11,48.02
409,2019-01-24,48.03,48.16,48.09,48.05
408,2019-01-23,47.898,47.989,47.94,47.93
407,2019-01-22,47.83,47.9399,47.88,47.83
406,2019-01-18,47.713,47.82,47.775,47.713
405,2019-01-17,47.589,47.72,47.69,47.59
404,2019-01-16,47.518,47.67,47.639,47.518
403,2019-01-15,47.51,47.63,47.555,47.63
402,2019-01-14,47.515,47.61,47.515,47.61
401,2019-01-11,47.55,47.69,47.615,47.67
400,2019-01-10,47.44,47.59,47.501,47.589
399,2019-01-09,47.51,47.628,47.605,47.54
398,2019-01-08,47.41,47.513,47.46,47.49
397,2019-01-07,47.36,47.52,47.395,47.52
396,2019-01-04,47.32,47.41,47.377,47.34
395,2019-01-03,47.36,47.46,47.44,47.379
394,2019-01-02,47.17,47.39,47.29,47.17
393,2018-12-31,47.09,47.29,47.27,47.1
392,2018-12-28,46.96,47.1299,47.08,46.9981
391,2018-12-27,46.93,47.07,46.965,46.97
390,2018-12-26,47.0,47.17,47.03,47.169
389,2018-12-24,47.09,47.28,47.135,47.28
388,2018-12-21,47.12,47.31,47.18,47.28
387,2018-12-20,47.2,47.45,47.209,47.4
386,2018-12-19,47.402,47.54,47.402,47.43
385,2018-12-18,47.35,47.44,47.404,47.4
384,2018-12-17,47.2632,47.33,47.305,47.2632
383,2018-12-14,47.19,47.31,47.22,47.31
382,2018-12-13,47.14,47.28,47.206,47.215
381,2018-12-12,47.07,47.19,47.08,47.07
380,2018-12-11,47.03,47.16,47.04,47.099
379,2018-12-10,46.94,47.08,47.0,47.02
378,2018-12-07,46.96,46.99,46.99,46.99
377,2018-12-06,46.8843,46.99,46.9301,46.91
376,2018-12-04,46.86,46.96,46.86,46.89
375,2018-12-03,46.78,46.91,46.846,46.78
374,2018-11-30,46.79,46.88,46.81,46.88
373,2018-11-29,46.84,46.9,46.86,46.861
372,2018-11-28,46.78,46.948,46.88,46.87
371,2018-11-27,46.85,46.94,46.85,46.85
370,2018-11-26,46.91,47.01,46.91,46.93
369,2018-11-23,46.9001,47.08,46.9001,47.08
368,2018-11-21,46.86,46.97,46.86,46.97
367,2018-11-20,46.79,46.89,46.8,46.79
366,2018-11-19,46.877,46.95,46.877,46.897
365,2018-11-16,46.854,46.97,46.96,46.884
364,2018-11-15,46.79,46.881,46.83,46.817
363,2018-11-14,46.88,46.97,46.934,46.96
362,2018-11-13,47.017,47.08,47.05,47.08
361,2018-11-12,47.05,47.13,47.077,47.13
360,2018-11-09,47.027,47.11,47.05,47.072
359,2018-11-08,46.98,47.123,47.011,47.123
358,2018-11-07,47.07,47.26,47.07,47.24
357,2018-11-06,46.95,47.06,46.96,46.996
356,2018-11-05,46.911,47.0,46.939,46.911
355,2018-11-02,46.858,46.993,46.869,46.99
354,2018-11-01,46.947,47.033,47.005,46.999
353,2018-10-31,47.097,47.19,47.15,47.119
352,2018-10-30,47.17,47.289,47.17,47.21
351,2018-10-29,47.26,47.337,47.3,47.327
350,2018-10-26,47.32,47.44,47.32,47.392
349,2018-10-25,47.261,47.36,47.284,47.272
348,2018-10-24,47.31,47.39,47.344,47.32
347,2018-10-23,47.18,47.36,47.18,47.343
346,2018-10-22,47.2,47.36,47.2,47.36
345,2018-10-19,47.2,47.3,47.2,47.254
344,2018-10-18,47.25,47.38,47.344,47.25
343,2018-10-17,47.35,47.52,47.36,47.52
342,2018-10-16,47.39,47.52,47.488,47.5
341,2018-10-15,47.42,47.52,47.48,47.52
340,2018-10-12,47.48,47.57,47.48,47.55
339,2018-10-11,47.413,47.56,47.48,47.438
338,2018-10-10,47.263,47.42,47.37,47.41
337,2018-10-09,47.37,47.48,47.48,47.42
336,2018-10-08,47.37,47.43,47.37,47.43
335,2018-10-05,47.306,47.48,47.41,47.47
334,2018-10-04,47.486,47.609,47.49,47.609
333,2018-10-03,47.53,47.89,47.673,47.871
332,2018-10-02,47.865,48.0,47.9,47.96
331,2018-10-01,47.85,47.96,47.9,47.88
330,2018-09-28,48.01,48.13,48.01,48.13
329,2018-09-27,47.96,48.09,48.08,48.03
328,2018-09-26,47.88,48.02,48.01,47.95
327,2018-09-25,47.78,47.88,47.862,47.87
326,2018-09-24,47.878,47.98,47.92,47.92
325,2018-09-21,47.92,48.02,48.0,47.973
324,2018-09-20,47.81,47.99,47.99,47.81
323,2018-09-19,47.722,47.851,47.79,47.851
322,2018-09-18,47.85,48.01,47.888,48.0
321,2018-09-17,48.046,48.13,48.109,48.07
320,2018-09-14,48.03,48.11,48.04,48.03
319,2018-09-13,48.05,48.12,48.12,48.09
318,2018-09-12,48.033,48.1,48.08,48.1
317,2018-09-11,47.91,47.9899,47.9899,47.9368
316,2018-09-10,47.98,48.08,48.08,47.98
315,2018-09-07,47.92,48.0,47.92,47.929
314,2018-09-06,48.089,48.138,48.09,48.11
313,2018-09-05,47.95,48.03,48.002,47.95
312,2018-09-04,47.96,48.044,47.999,48.044
311,2018-08-31,48.26,48.43,48.31,48.43
310,2018-08-30,48.29,48.397,48.29,48.397
309,2018-08-29,48.27,48.38,48.27,48.38
308,2018-08-28,48.28,48.373,48.37,48.34
307,2018-08-27,48.37,48.47,48.37,48.38
306,2018-08-24,48.433,48.52,48.44,48.433
305,2018-08-23,48.451,48.53,48.451,48.52
304,2018-08-22,48.39,48.55,48.469,48.55
303,2018-08-21,48.38,48.47,48.4,48.424
302,2018-08-20,48.45,48.54,48.53,48.53
301,2018-08-17,48.32,48.425,48.32,48.408
300,2018-08-16,48.281,48.367,48.285,48.367
299,2018-08-15,48.235,48.282,48.28,48.265
298,2018-08-14,48.1201,48.215,48.1779,48.215
297,2018-08-13,48.1,48.2,48.1,48.17
296,2018-08-10,48.109,48.26,48.18,48.109
295,2018-08-09,48.12,48.21,48.19,48.21
294,2018-08-08,48.08,48.19,48.08,48.19
293,2018-08-07,48.17,48.28,48.17,48.24
292,2018-08-06,48.27,48.33,48.28,48.33
291,2018-08-03,48.15,48.26,48.186,48.18
290,2018-08-02,47.98,48.11,48.07,47.98
289,2018-08-01,48.057,48.08,48.057,48.08
288,2018-07-31,48.24,48.34,48.34,48.33
287,2018-07-30,48.14,48.23,48.14,48.23
286,2018-07-27,48.21,48.31,48.21,48.309
285,2018-07-26,48.19,48.26,48.26,48.19
284,2018-07-25,48.181,48.219,48.184,48.181
283,2018-07-24,48.038,48.17,48.09,48.09
282,2018-07-23,47.94,48.096,47.95,48.021
281,2018-07-20,48.1,48.25,48.1,48.25
280,2018-07-19,48.24,48.31,48.263,48.281
279,2018-07-18,48.177,48.255,48.195,48.254
278,2018-07-17,48.16,48.232,48.22,48.208
277,2018-07-16,48.15,48.25,48.17,48.16
276,2018-07-13,48.21,48.31,48.23,48.21
275,2018-07-12,48.2,48.25,48.2,48.25
274,2018-07-11,48.1,48.22,48.163,48.163
273,2018-07-10,48.119,48.16,48.12,48.153
272,2018-07-09,48.03,48.16,48.16,48.03
271,2018-07-06,48.06,48.18,48.09,48.152
270,2018-07-05,47.96,48.0498,48.0298,47.9609
269,2018-07-03,47.87,47.94,47.87,47.895
268,2018-07-02,47.77,47.82,47.78,47.81
267,2018-06-29,47.9,48.038,47.9,48.006
266,2018-06-28,47.913,47.95,47.913,47.95
265,2018-06-27,47.89,47.972,47.972,47.945
264,2018-06-26,47.79,47.87,47.79,47.82
263,2018-06-25,47.76,47.788,47.765,47.788
262,2018-06-22,47.71,47.81,47.74,47.71
261,2018-06-21,47.77,47.81,47.81,47.785
260,2018-06-20,47.77,48.03,47.77,48.03
259,2018-06-19,47.93,48.02,47.93,48.0
258,2018-06-18,47.9,48.0,47.9,47.972
257,2018-06-15,48.03,48.18,48.05,48.156
256,2018-06-14,47.95,48.055,47.99,47.95
255,2018-06-13,47.81,47.941,47.865,47.938
254,2018-06-12,47.883,47.94,47.94,47.894
253,2018-06-11,47.85,47.908,47.887,47.85
252,2018-06-08,47.95,47.989,47.95,47.955
251,2018-06-07,47.897,48.05,47.99,47.91
250,2018-06-06,47.83,47.844,47.834,47.844
249,2018-06-05,48.01,48.119,48.01,48.02
248,2018-06-04,47.95,48.03,48.01,48.01
247,2018-06-01,48.04,48.14,48.04,48.068
246,2018-05-31,48.26,48.36,48.34,48.34
245,2018-05-30,48.21,49.316,48.245,48.31
244,2018-05-29,48.245,48.451,48.451,48.245
243,2018-05-25,48.186,48.201,48.199,48.201
242,2018-05-24,48.0795,48.12,48.1,48.11
241,2018-05-23,47.92,47.97,47.97,47.92
240,2018-05-22,47.75,47.85,47.75,47.85
239,2018-05-21,47.75,47.84,47.811,47.75
238,2018-05-18,47.75,47.801,47.801,47.75
237,2018-05-17,47.746,47.79,47.75,47.755
236,2018-05-16,47.81,47.89,47.81,47.889
235,2018-05-15,47.726,47.86,47.77,47.801
234,2018-05-14,48.023,48.06,48.06,48.029
233,2018-05-11,48.0,48.09,48.09,48.039
232,2018-05-10,48.0,48.065,48.065,48.0
231,2018-05-09,47.87,47.933,47.89,47.921
230,2018-05-08,47.91,47.96,47.96,47.94
229,2018-05-07,47.94,48.0,47.954,47.94
228,2018-05-04,47.975,48.029,48.02,48.029
227,2018-05-03,47.97,48.078,48.04,48.07
226,2018-05-02,47.989,48.03,48.01,48.03
225,2018-05-01,47.88,47.98,47.929,47.97
224,2018-04-30,48.18,48.25,48.23,48.206
223,2018-04-27,48.13,48.23,48.15,48.13
222,2018-04-26,48.03,48.146,48.07,48.03
221,2018-04-25,47.966,48.053,47.966,48.053
220,2018-04-24,48.11,48.24,48.126,48.24
219,2018-04-23,48.195,48.29,48.23,48.29
218,2018-04-20,48.3,48.35,48.3,48.32
217,2018-04-19,48.297,48.44,48.39,48.44
216,2018-04-18,48.583,48.69,48.583,48.69
215,2018-04-17,48.67,48.735,48.715,48.67
214,2018-04-16,48.62,48.73,48.73,48.62
213,2018-04-13,48.63,48.691,48.63,48.68
212,2018-04-12,48.66,48.72,48.694,48.704
211,2018-04-11,48.771,48.809,48.771,48.809
210,2018-04-10,48.72,48.77,48.747,48.741
209,2018-04-09,48.659,48.695,48.695,48.659
208,2018-04-06,48.63,48.66,48.643,48.657
207,2018-04-05,48.49,48.55,48.52,48.55
206,2018-04-04,48.49,48.62,48.556,48.62
205,2018-04-03,48.5,48.58,48.559,48.568
204,2018-04-02,48.52,48.7,48.698,48.52
203,2018-03-29,48.65,48.76,48.76,48.65
202,2018-03-28,48.46,48.544,48.5,48.544
201,2018-03-27,48.39,48.59,48.59,48.44
200,2018-03-26,48.35,48.409,48.373,48.35
199,2018-03-23,48.341,48.38,48.38,48.35
198,2018-03-22,48.39,48.4,48.39,48.39
197,2018-03-21,48.16,48.288,48.288,48.216
196,2018-03-20,48.309,48.4,48.39,48.309
195,2018-03-19,48.475,48.52,48.476,48.485
194,2018-03-16,48.48,48.569,48.569,48.48
193,2018-03-15,48.491,48.494,48.491,48.494
192,2018-03-14,48.34,48.54,48.522,48.34
191,2018-03-13,48.39,48.43,48.41,48.39
190,2018-03-12,48.4,48.44,48.41,48.41
189,2018-03-09,48.363,48.39,48.366,48.39
188,2018-03-08,48.49,48.57,48.5,48.56
187,2018-03-07,48.41,48.44,48.437,48.41
186,2018-03-06,48.46,48.56,48.463,48.46
185,2018-03-05,48.33,48.49,48.376,48.49
184,2018-03-02,48.34,48.43,48.35,48.43
183,2018-03-01,48.415,48.54,48.54,48.415
182,2018-02-28,48.58,48.67,48.64,48.58
181,2018-02-27,48.51,48.74,48.51,48.74
180,2018-02-26,48.79,48.9,48.79,48.79
179,2018-02-23,48.65,48.74,48.72,48.65
178,2018-02-22,48.5801,48.6362,48.5984,48.5801
177,2018-02-21,48.457,48.699,48.501,48.66
176,2018-02-20,48.59,48.78,48.63,48.77
175,2018-02-16,48.76,48.93,48.76,48.795
174,2018-02-15,48.67,48.8,48.79,48.67
173,2018-02-14,48.5,48.63,48.56,48.63
172,2018-02-13,48.58,48.71,48.63,48.68
171,2018-02-12,48.76,48.845,48.8,48.83
170,2018-02-09,48.79,48.88,48.79,48.86
169,2018-02-08,48.97,49.105,48.97,49.005
168,2018-02-07,49.08,49.38,49.14,49.38
167,2018-02-06,49.26,49.34,49.28,49.27
166,2018-02-05,49.19,49.49,49.49,49.19
165,2018-02-02,49.275,49.355,49.275,49.35
164,2018-02-01,49.6,49.69,49.6,49.69
163,2018-01-31,49.66,49.77,49.76,49.74
162,2018-01-30,49.65,49.74,49.67,49.74
161,2018-01-29,49.74,49.78,49.78,49.75
160,2018-01-26,49.8,49.89,49.89,49.8
159,2018-01-25,49.734,49.96,49.96,49.734
158,2018-01-24,49.738,49.78,49.775,49.757
157,2018-01-23,49.75,49.79,49.77,49.79
156,2018-01-22,49.67,49.77,49.67,49.77
155,2018-01-19,49.71,49.77,49.71,49.77
154,2018-01-18,49.85,49.86,49.86,49.85
153,2018-01-17,49.938,50.09,49.938,50.08
152,2018-01-16,50.07,50.07,50.07,50.07
151,2018-01-12,49.96,50.07,50.07,49.96
150,2018-01-11,49.904,50.06,50.05,49.904
149,2018-01-10,49.81,49.96,49.96,49.81
148,2018-01-09,49.89,49.95,49.93,49.95
147,2018-01-08,50.05,50.06,50.055,50.05
146,2018-01-05,50.003,50.02,50.004,50.02
145,2018-01-04,50.04,50.04,50.04,50.04
144,2018-01-03,50.05,50.095,50.07,50.05
143,2018-01-02,49.96,50.1,50.025,50.1
142,2017-12-29,50.07,50.22,50.22,50.09
141,2017-12-28,50.08,50.14,50.12,50.08
140,2017-12-27,50.07,50.07,50.07,50.07
139,2017-12-26,50.03,50.04,50.03,50.04
138,2017-12-22,49.988,49.999,49.988,49.999
137,2017-12-21,49.946,49.95,49.946,49.95
136,2017-12-20,49.89,49.912,49.9,49.89
135,2017-12-19,50.01,50.06,50.01,50.06
134,2017-12-18,50.16,50.3,50.16,50.3
133,2017-12-15,50.24,50.25,50.25,50.24
132,2017-12-14,50.19,50.197,50.197,50.195
131,2017-12-13,50.02,50.08,50.02,50.08
130,2017-12-12,49.963,49.969,49.963,49.969
129,2017-12-11,50.05,50.14,50.05,50.14
128,2017-12-08,50.041,50.09,50.045,50.09
127,2017-12-07,50.072,50.072,50.072,50.072
126,2017-12-06,50.22,50.279,50.22,50.279
125,2017-12-05,49.98,50.114,50.114,49.98
124,2017-12-04,49.93,50.05,50.0,49.93
123,2017-12-01,49.87,50.11,50.05,49.87
122,2017-11-30,49.9,49.97,49.96,49.9
121,2017-11-29,49.93,50.02,50.0,50.02
120,2017-11-28,50.19,50.19,50.19,50.19
119,2017-11-27,50.11,50.17,50.17,50.14
118,2017-11-24,50.19,50.19,50.19,50.19
117,2017-11-22,50.2,50.21,50.21,50.2
116,2017-11-21,50.05,50.06,50.05,50.05
115,2017-11-20,49.89,49.929,49.929,49.92
114,2017-11-17,49.92,49.92,49.92,49.92
113,2017-11-16,49.85,49.8932,49.85,49.89
112,2017-11-15,49.684,49.858,49.858,49.76
111,2017-11-14,49.64,49.7,49.7,49.64
110,2017-11-13,49.7,49.75,49.715,49.75
109,2017-11-10,49.71,49.79,49.72,49.79
108,2017-11-09,49.915,49.989,49.989,49.94
107,2017-11-08,50.05,50.09,50.05,50.09
106,2017-11-07,50.05,50.126,50.09,50.05
105,2017-11-06,50.095,50.205,50.194,50.095
104,2017-11-03,50.1,50.1,50.1,50.1
103,2017-11-02,50.065,50.08,50.08,50.065
102,2017-11-01,50.0,50.07,50.03,50.0
101,2017-10-31,50.132,50.145,50.132,50.145
100,2017-10-30,50.185,50.185,50.185,50.185
99,2017-10-27,50.08,50.1,50.1,50.08
98,2017-10-26,49.91,50.01,50.005,49.91
97,2017-10-25,49.91,49.976,49.976,49.93
96,2017-10-24,50.06,50.09,50.07,50.06
95,2017-10-23,50.136,50.136,50.136,50.136
94,2017-10-20,50.07,50.085,50.085,50.08
93,2017-10-19,50.15,50.27,50.2,50.195
92,2017-10-18,50.09,50.15,50.147,50.09
91,2017-10-17,50.16,50.26,50.25,50.17
90,2017-10-16,50.193,50.25,50.193,50.25
89,2017-10-13,50.15,50.252,50.17,50.15
88,2017-10-12,50.03,50.14,50.12,50.03
87,2017-10-11,50.11,50.15,50.11,50.15
86,2017-10-10,50.08,50.21,50.11,50.08
85,2017-10-09,50.03,50.11,50.1,50.04
84,2017-10-06,50.04,50.05,50.04,50.05
83,2017-10-05,50.08,50.11,50.11,50.08
82,2017-10-04,50.08,50.17,50.16,50.08
81,2017-10-03,50.01,50.09,50.09,50.01
80,2017-10-02,50.0091,50.0091,50.0091,50.0091
79,2017-09-29,50.07,50.21,50.18,50.19
78,2017-09-28,49.97,50.12,50.11,50.0
77,2017-09-27,49.98,49.99,49.98,49.99
76,2017-09-26,50.2,50.22,50.22,50.2
75,2017-09-25,50.15,50.27,50.25,50.15
74,2017-09-22,50.03,50.14,50.12,50.14
73,2017-09-21,50.04,50.16,50.05,50.08
72,2017-09-20,49.96,50.11,50.08,50.11
71,2017-09-19,50.12,50.12,50.12,50.12
70,2017-09-18,50.1,50.1,50.1,50.1
69,2017-09-15,50.062,50.11,50.11,50.07
68,2017-09-14,50.02,50.11,50.1,50.03
67,2017-09-13,50.02,50.11,50.035,50.11
66,2017-09-12,50.04,50.1,50.04,50.1
65,2017-09-11,50.1,50.1,50.1,50.1
64,2017-09-08,50.23,50.29,50.29,50.23
63,2017-09-07,50.23,50.44,50.44,50.23
62,2017-09-06,50.19,50.3,50.19,50.27
61,2017-09-05,50.15,50.282,50.256,50.16
60,2017-09-01,50.09,50.16,50.09,50.16
59,2017-08-31,50.2,50.24,50.24,50.24
58,2017-08-30,50.19,50.19,50.19,50.19
57,2017-08-29,50.16,50.3,50.19,50.29
56,2017-08-28,50.16,50.2,50.2,50.175
55,2017-08-25,50.11,50.22,50.16,50.12
54,2017-08-24,50.1,50.15,50.105,50.1
53,2017-08-23,50.1,50.17,50.15,50.14
52,2017-08-22,50.026,50.09,50.05,50.05
51,2017-08-21,50.05,50.11,50.1,50.05
50,2017-08-18,50.03,50.14,50.047,50.12
49,2017-08-17,49.99,50.09,50.08,49.99
48,2017-08-16,49.89,50.08,50.03,49.89
47,2017-08-15,49.872,49.872,49.872,49.872
46,2017-08-14,49.87,49.97,49.93,49.91
45,2017-08-11,49.82,49.94,49.94,49.82
44,2017-08-10,49.85,49.94,49.93,49.91
43,2017-08-09,49.897,49.98,49.897,49.96
42,2017-08-08,49.85,50.008,49.88,50.008
41,2017-08-07,50.02,50.08,50.05,50.05
40,2017-08-04,49.98,50.08,50.02,50.08
39,2017-08-03,50.16,50.2,50.2,50.16
38,2017-08-02,50.15,50.21,50.15,50.21
37,2017-08-01,50.1,50.19,50.19,50.1
36,2017-07-31,50.13,50.17,50.17,50.13
35,2017-07-28,50.1,50.17,50.14,50.1
34,2017-07-27,50.02,50.067,50.065,50.02
33,2017-07-26,50.03,50.17,50.17,50.03
32,2017-07-25,49.99,50.07,49.99,50.06
31,2017-07-24,50.28,50.28,50.28,50.28
30,2017-07-21,50.27,50.3,50.28,50.28
29,2017-07-20,50.167,50.25,50.17,50.19
28,2017-07-19,50.09,50.16,50.11,50.11
27,2017-07-18,50.04,50.11,50.11,50.04
26,2017-07-17,49.91,49.97,49.96,49.91
25,2017-07-14,49.86,49.97,49.9,49.97
24,2017-07-13,49.7401,49.82,49.79,49.82
23,2017-07-12,49.85,49.89,49.88,49.85
22,2017-07-11,49.67,49.73,49.73,49.69
21,2017-07-10,49.6729,49.6999,49.6729,49.695
20,2017-07-07,49.62,49.66,49.62,49.66
19,2017-07-06,49.57,49.68,49.66,49.68
18,2017-07-05,49.75,49.8,49.76,49.75
17,2017-07-03,49.76,49.87,49.76,49.87
16,2017-06-30,49.9,49.96,49.93,49.96
15,2017-06-29,49.8699,49.96,49.96,49.8699
14,2017-06-28,49.955,50.06,50.06,50.01
13,2017-06-27,50.0144,50.06,50.0358,50.06
12,2017-06-26,50.14,50.22,50.17,50.21
11,2017-06-23,50.06,50.1046,50.08,50.06
10,2017-06-22,50.05,50.14,50.1,50.14
9,2017-06-21,50.0,50.09,50.09,50.01
8,2017-06-20,50.0,50.1,50.09,50.0
7,2017-06-19,49.98,50.05,49.9916,50.05
6,2017-06-16,49.98,50.05,49.98,50.01
5,2017-06-15,49.93,49.98,49.93,49.97
4,2017-06-14,49.92,50.04,49.92,49.98
3,2017-06-13,49.728,49.74,49.728,49.74
2,2017-06-12,49.66,49.89,49.75,49.6813
1,2017-06-09,49.62,49.71,49.71,49.62
0,2017-06-08,49.75,49.79,49.79,49.79
